{"run_time": 1.8727996349334717, "loss": 0.06400834023952484, "train_acc": 0.9428571428571428, "val_acc": 0.8375, "test_acc": 0.8446700507614213, "_timestamp": 1653169403, "_runtime": 286, "_step": 98, "_wandb": {"runtime": 288}}