{"run_time": 2.0415520668029785, "loss": 0.20219677686691284, "train_acc": 0.95, "val_acc": 0.85, "test_acc": 0.8375634517766497, "forward_nfe": 28108, "_runtime": 213, "_timestamp": 1648800244, "_step": 98}