{"run_time": 1.012575387954712, "loss": 0.044575609266757965, "train_acc": 0.9642857142857143, "val_acc": 0.8529411764705882, "test_acc": 0.8558375634517766, "_timestamp": 1653138867, "_runtime": 91, "_step": 98, "_wandb": {"runtime": 92}}