{"run_time": 0.26412129402160645, "loss": 0.9266053438186646, "train_acc": 0.825, "val_acc": 0.7536231884057971, "test_acc": 0.7274193548387097, "_timestamp": 1653403081, "_runtime": 37, "_step": 98, "_wandb": {"runtime": 38}}