{"run_time": 0.18010377883911133, "loss": 0.8950511813163757, "train_acc": 0.9333333333333333, "val_acc": 0.7565217391304347, "test_acc": 0.7483870967741936, "_timestamp": 1653402410, "_runtime": 29, "_step": 98, "_wandb": {"runtime": 31}}