{"run_time": 0.3326449394226074, "loss": 1.0032247304916382, "train_acc": 0.825, "val_acc": 0.7695652173913043, "test_acc": 0.7451612903225806, "_timestamp": 1653404940, "_runtime": 48, "_step": 98, "_wandb": {"runtime": 50}}