{"run_time": 0.3731083869934082, "loss": 1.1457406282424927, "train_acc": 0.7833333333333333, "val_acc": 0.7652173913043478, "test_acc": 0.7596774193548387, "_timestamp": 1653406020, "_runtime": 56, "_step": 98, "_wandb": {"runtime": 56}}