{"run_time": 0.5938806533813477, "loss": 0.06915315240621567, "train_acc": 1.0, "val_acc": 0.7536764705882353, "test_acc": 0.7390862944162436, "_timestamp": 1653378228, "_runtime": 62, "_step": 80, "_wandb": {"runtime": 64}}