{"run_time": 711.6938118934631, "loss": 0.2628193497657776, "train_acc": 0.8833333333333333, "val_acc": 0.8034722222222223, "test_acc": 0.7867376626228249, "_timestamp": 1654019017, "_runtime": 96732, "_step": 98, "_wandb": {"runtime": 96732}}