{"run_time": 1.5289208889007568, "loss": 0.024456996470689774, "train_acc": 0.9785714285714285, "val_acc": 0.8397058823529412, "test_acc": 0.8365482233502538, "_timestamp": 1653142761, "_runtime": 139, "_step": 98, "_wandb": {"runtime": 140}}