{"run_time": 1.680063247680664, "loss": 0.06552430242300034, "train_acc": 0.9285714285714286, "val_acc": 0.8514705882352941, "test_acc": 0.8659898477157361, "_timestamp": 1653142313, "_runtime": 147, "_step": 98, "_wandb": {"runtime": 148}}