{"run_time": 2.1834938526153564, "loss": 0.07236155867576599, "train_acc": 0.95, "val_acc": 0.8669117647058824, "test_acc": 0.8467005076142132, "_timestamp": 1653154288, "_runtime": 202, "_step": 98, "_wandb": {"runtime": 203}}