{"run_time": 1.3386280536651611, "loss": 0.05419092997908592, "train_acc": 0.95, "val_acc": 0.8463235294117647, "test_acc": 0.8365482233502538, "_timestamp": 1653155153, "_runtime": 187, "_step": 98, "_wandb": {"runtime": 188}}