{"run_time": 2.1854958534240723, "loss": 0.2777015268802643, "train_acc": 0.9642857142857143, "val_acc": 0.8286764705882353, "test_acc": 0.8578680203045685, "forward_nfe": 29140, "_runtime": 222, "_timestamp": 1648799974, "_step": 98}