{"run_time": 1.994605541229248, "loss": 0.054810818284749985, "train_acc": 0.9785714285714285, "val_acc": 0.8529411764705882, "test_acc": 0.849746192893401, "_timestamp": 1653396233, "_runtime": 253, "_step": 98, "_wandb": {"runtime": 254}}