{"run_time": 1.163891315460205, "loss": 0.0457836352288723, "train_acc": 0.9357142857142857, "val_acc": 0.8529411764705882, "test_acc": 0.8233502538071066, "_timestamp": 1653138567, "_runtime": 94, "_step": 98, "_wandb": {"runtime": 95}}