{"run_time": 0.2842738628387451, "loss": 0.07567508518695831, "train_acc": 0.9285714285714286, "val_acc": 0.8492647058823529, "test_acc": 0.8517766497461929, "_timestamp": 1653402189, "_runtime": 46, "_step": 98, "_wandb": {"runtime": 47}}