{"run_time": 0.30514979362487793, "loss": 1.0729707479476929, "train_acc": 0.8416666666666667, "val_acc": 0.7666666666666667, "test_acc": 0.7338709677419355, "_timestamp": 1653404181, "_runtime": 45, "_step": 98, "_wandb": {"runtime": 46}}