{"run_time": 1.812173843383789, "loss": 0.0539611391723156, "train_acc": 0.9357142857142857, "val_acc": 0.8485294117647059, "test_acc": 0.8375634517766497, "_timestamp": 1653162605, "_runtime": 249, "_step": 98, "_wandb": {"runtime": 250}}