{"run_time": 2.435178279876709, "loss": 0.043483830988407135, "train_acc": 0.8642857142857143, "val_acc": 0.8191176470588235, "test_acc": 0.8121827411167513, "_timestamp": 1653400575, "_runtime": 370, "_step": 98, "_wandb": {"runtime": 371}}