{"run_time": 1.8904368877410889, "loss": 0.04034796729683876, "train_acc": 0.9785714285714285, "val_acc": 0.8433823529411765, "test_acc": 0.8294416243654822, "_timestamp": 1653395968, "_runtime": 268, "_step": 98, "_wandb": {"runtime": 268}}