{"run_time": 1.6399023532867432, "loss": 0.047608595341444016, "train_acc": 0.9571428571428572, "val_acc": 0.8573529411764705, "test_acc": 0.8395939086294416, "_timestamp": 1653161052, "_runtime": 238, "_step": 98, "_wandb": {"runtime": 239}}