{"run_time": 0.27956104278564453, "loss": 1.3056296110153198, "train_acc": 0.7333333333333333, "val_acc": 0.763768115942029, "test_acc": 0.7258064516129032, "_timestamp": 1653405626, "_runtime": 53, "_step": 98, "_wandb": {"runtime": 55}}