{"run_time": 2.2713894844055176, "loss": 0.030654899775981903, "train_acc": 0.9214285714285714, "val_acc": 0.85, "test_acc": 0.8152284263959391, "_timestamp": 1653167108, "_runtime": 300, "_step": 98, "_wandb": {"runtime": 301}}