{"run_time": 1.919431447982788, "loss": 0.03995925188064575, "train_acc": 1.0, "val_acc": 0.8522058823529411, "test_acc": 0.833502538071066, "_timestamp": 1653135316, "_runtime": 168, "_step": 98, "_wandb": {"runtime": 169}}