{"run_time": 1.457552194595337, "loss": 0.0551195926964283, "train_acc": 0.95, "val_acc": 0.8558823529411764, "test_acc": 0.8385786802030457, "_timestamp": 1653135675, "_runtime": 167, "_step": 98, "_wandb": {"runtime": 168}}