{"run_time": 1209.5381019115448, "loss": 0.2518140971660614, "train_acc": 0.9333333333333333, "val_acc": 0.7798611111111111, "test_acc": 0.7699401657792172, "_timestamp": 1654110699, "_runtime": 91670, "_step": 98, "_wandb": {"runtime": 91671}}