{"run_time": 1.9589617252349854, "loss": 0.041290342807769775, "train_acc": 0.9428571428571428, "val_acc": 0.8514705882352941, "test_acc": 0.8314720812182741, "_timestamp": 1653173372, "_runtime": 289, "_step": 98, "_wandb": {"runtime": 290}}