{"run_time": 1.7060253620147705, "loss": 0.08878317475318909, "train_acc": 0.8785714285714286, "val_acc": 0.8426470588235294, "test_acc": 0.8263959390862944, "_timestamp": 1653129168, "_runtime": 241, "_step": 98, "_wandb": {"runtime": 242}}