{"run_time": 1.9768197536468506, "loss": 0.0586065910756588, "train_acc": 0.9785714285714285, "val_acc": 0.8551470588235294, "test_acc": 0.8538071065989847, "_timestamp": 1653170815, "_runtime": 278, "_step": 98, "_wandb": {"runtime": 278}}