{"run_time": 0.29018092155456543, "loss": 0.11787766963243484, "train_acc": 1.0, "val_acc": 0.8069444444444445, "test_acc": 0.8059504858099578, "_timestamp": 1653408831, "_runtime": 60, "_step": 98, "_wandb": {"runtime": 61}}