{"run_time": 1.7237637042999268, "loss": 0.0721144750714302, "train_acc": 0.95, "val_acc": 0.861764705882353, "test_acc": 0.8406091370558376, "_timestamp": 1653175435, "_runtime": 279, "_step": 98, "_wandb": {"runtime": 280}}