{"run_time": 4.989540338516235, "loss": 0.4508577585220337, "train_acc": 0.91, "val_acc": 0.8376923076923077, "test_acc": 0.8313273293493814, "_timestamp": 1653379244, "_runtime": 132, "_step": 20, "_wandb": {"runtime": 132}}