{"run_time": 0.2933030128479004, "loss": 1.0327037572860718, "train_acc": 0.825, "val_acc": 0.7659420289855072, "test_acc": 0.7661290322580645, "_timestamp": 1653403908, "_runtime": 43, "_step": 98, "_wandb": {"runtime": 44}}