{"run_time": 1.5628275871276855, "loss": 0.06668438017368317, "train_acc": 0.9214285714285714, "val_acc": 0.8419117647058824, "test_acc": 0.8040609137055837, "_timestamp": 1653154074, "_runtime": 196, "_step": 98, "_wandb": {"runtime": 197}}