{"run_time": 2.7986373901367188, "loss": 0.07571777701377869, "train_acc": 0.9571428571428572, "val_acc": 0.8397058823529412, "test_acc": 0.8284263959390863, "_timestamp": 1653178824, "_runtime": 300, "_step": 98, "_wandb": {"runtime": 301}}