{"run_time": 1.8930907249450684, "loss": 0.038312945514917374, "train_acc": 0.9928571428571429, "val_acc": 0.8213235294117647, "test_acc": 0.849746192893401, "_timestamp": 1653382443, "_runtime": 153, "_step": 98, "_wandb": {"runtime": 155}}