{"run_time": 2.42271089553833, "loss": 0.051088038831949234, "train_acc": 0.9714285714285714, "val_acc": 0.8463235294117647, "test_acc": 0.867005076142132, "_timestamp": 1653400193, "_runtime": 352, "_step": 98, "_wandb": {"runtime": 353}}