{"run_time": 1.6294336318969727, "loss": 0.05442409589886665, "train_acc": 0.9428571428571428, "val_acc": 0.8463235294117647, "test_acc": 0.8416243654822335, "_timestamp": 1653154720, "_runtime": 214, "_step": 98, "_wandb": {"runtime": 215}}