{"run_time": 1.9309284687042236, "loss": 0.04773827642202377, "train_acc": 0.8857142857142857, "val_acc": 0.8345588235294118, "test_acc": 0.8395939086294416, "_timestamp": 1653395688, "_runtime": 272, "_step": 98, "_wandb": {"runtime": 273}}