{"run_time": 2.129661798477173, "loss": 0.04991636425256729, "train_acc": 0.9428571428571428, "val_acc": 0.8661764705882353, "test_acc": 0.8456852791878172, "_timestamp": 1653175144, "_runtime": 298, "_step": 98, "_wandb": {"runtime": 297}}