{"run_time": 1.6450965404510498, "loss": 0.05328087881207466, "train_acc": 0.8785714285714286, "val_acc": 0.8264705882352941, "test_acc": 0.8456852791878172, "_timestamp": 1653158659, "_runtime": 227, "_step": 98, "_wandb": {"runtime": 229}}