{"run_time": 1.7026958465576172, "loss": 0.03466865420341492, "train_acc": 0.9142857142857143, "val_acc": 0.8463235294117647, "test_acc": 0.8284263959390863, "_timestamp": 1653394619, "_runtime": 251, "_step": 98, "_wandb": {"runtime": 251}}