{"run_time": 0.4224228858947754, "loss": 1.1446099281311035, "train_acc": 0.8166666666666667, "val_acc": 0.7521739130434782, "test_acc": 0.7419354838709677, "_timestamp": 1653407936, "_runtime": 63, "_step": 98, "_wandb": {"runtime": 64}}