{"run_time": 1.7757377624511719, "loss": 0.389471173286438, "train_acc": 0.9, "val_acc": 0.8433823529411765, "test_acc": 0.8162436548223351, "_timestamp": 1653136316, "_runtime": 39, "_step": 13, "_wandb": {"runtime": 40}}