{"run_time": 0.3575284481048584, "loss": 1.0753028392791748, "train_acc": 0.75, "val_acc": 0.7456521739130435, "test_acc": 0.7467741935483871, "_timestamp": 1653405691, "_runtime": 53, "_step": 98, "_wandb": {"runtime": 54}}