{"run_time": 0.4256157875061035, "loss": 0.08287616819143295, "train_acc": 0.9785714285714285, "val_acc": 0.8139705882352941, "test_acc": 0.8263959390862944, "_timestamp": 1653137726, "_runtime": 74, "_step": 98, "_wandb": {"runtime": 75}}