{"run_time": 2.987093687057495, "loss": 0.05106518045067787, "train_acc": 0.9714285714285714, "val_acc": 0.8536764705882353, "test_acc": 0.849746192893401, "_timestamp": 1653397691, "_runtime": 324, "_step": 98, "_wandb": {"runtime": 325}}