{"run_time": 1.5142838954925537, "loss": 0.048085033893585205, "train_acc": 0.9214285714285714, "val_acc": 0.8286764705882353, "test_acc": 0.8294416243654822, "_timestamp": 1653158174, "_runtime": 235, "_step": 98, "_wandb": {"runtime": 236}}