{"run_time": 0.40694212913513184, "loss": 1.2416881322860718, "train_acc": 0.8166666666666667, "val_acc": 0.7644927536231884, "test_acc": 0.7241935483870968, "_timestamp": 1653407708, "_runtime": 63, "_step": 98, "_wandb": {"runtime": 64}}