{"loss_mean": 0.4173414081335068, "train_accs_mean": 0.945, "val_accs_mean": 0.9003731343283581, "test_accs_mean": 0.9017537998997829, "fw_nfe_mean": 1138.8, "loss_std": 0.017956539426182586, "train_accs_std": 0.006731456008918107, "val_accs_std": 0.00843811748481012, "test_accs_std": 0.010557685007254576, "fw_nfe_std": 13.89100428334827, "_timestamp": 1649831726, "_runtime": 700, "_step": 16}