{"run_time": 1.468764066696167, "loss": 0.07986637949943542, "train_acc": 0.95, "val_acc": 0.836764705882353, "test_acc": 0.8406091370558376, "_timestamp": 1653152195, "_runtime": 177, "_step": 98, "_wandb": {"runtime": 178}}