{"run_time": 100.34104657173157, "loss": 0.14771565794944763, "train_acc": 1.0, "val_acc": 0.8118055555555556, "test_acc": 0.808201130811879, "_timestamp": 1653466262, "_runtime": 8018, "_step": 98, "_wandb": {"runtime": 8019}}