{"run_time": 0.3530552387237549, "loss": 0.035410813987255096, "train_acc": 1.0, "val_acc": 0.8076388888888889, "test_acc": 0.8048526101992645, "_timestamp": 1653408905, "_runtime": 62, "_step": 98, "_wandb": {"runtime": 63}}