{"run_time": 2.1596508026123047, "loss": 5.1464104652404785, "train_acc": 0.21428571428571427, "val_acc": 0.11397058823529412, "test_acc": 0.14923857868020304, "forward_nfe": 384, "_runtime": 10, "_timestamp": 1648644988, "_step": 1}