{"run_time": 1029.3536570072174, "loss": 0.3365183472633362, "train_acc": 0.9333333333333333, "val_acc": 0.7659722222222223, "test_acc": 0.765219300653236, "_timestamp": 1654480464, "_runtime": 37827, "_step": 20, "_wandb": {"runtime": 37830}}