{"run_time": 1.9891715049743652, "loss": 0.047947611659765244, "train_acc": 0.9142857142857143, "val_acc": 0.8492647058823529, "test_acc": 0.8436548223350254, "_timestamp": 1653147943, "_runtime": 171, "_step": 98, "_wandb": {"runtime": 171}}