{"run_time": 0.13614225387573242, "loss": 0.9390705823898315, "train_acc": 0.95, "val_acc": 0.7463768115942029, "test_acc": 0.7403225806451613, "_timestamp": 1653402334, "_runtime": 25, "_step": 98, "_wandb": {"runtime": 26}}