{"run_time": 0.428905725479126, "loss": 1.1803271770477295, "train_acc": 0.7583333333333333, "val_acc": 0.7630434782608696, "test_acc": 0.7435483870967742, "_timestamp": 1653407415, "_runtime": 62, "_step": 98, "_wandb": {"runtime": 63}}