{"run_time": 1.3105144500732422, "loss": 0.031461846083402634, "train_acc": 0.9428571428571428, "val_acc": 0.8433823529411765, "test_acc": 0.8030456852791878, "_timestamp": 1653151612, "_runtime": 191, "_step": 98, "_wandb": {"runtime": 192}}