{"run_time": 1.7966735363006592, "loss": 0.1975715011358261, "train_acc": 0.9785714285714285, "val_acc": 0.8544117647058823, "test_acc": 0.8294416243654822, "_timestamp": 1653177629, "_runtime": 287, "_step": 98, "_wandb": {"runtime": 288}}