{"run_time": 1.5761449337005615, "loss": 0.13098885118961334, "train_acc": 0.8857142857142857, "val_acc": 0.8360294117647059, "test_acc": 0.8436548223350254, "_timestamp": 1653155829, "_runtime": 209, "_step": 98, "_wandb": {"runtime": 211}}