{"run_time": 0.3644380569458008, "loss": 1.1979467868804932, "train_acc": 0.775, "val_acc": 0.7442028985507246, "test_acc": 0.714516129032258, "_timestamp": 1653406841, "_runtime": 55, "_step": 98, "_wandb": {"runtime": 57}}