{"run_time": 0.278228759765625, "loss": 0.05583024024963379, "train_acc": 0.9833333333333333, "val_acc": 0.7680555555555556, "test_acc": 0.7810836032277543, "_timestamp": 1653408312, "_runtime": 47, "_step": 98, "_wandb": {"runtime": 49}}