{"run_time": 1.9804303646087646, "loss": 0.04281149059534073, "train_acc": 0.9571428571428572, "val_acc": 0.8426470588235294, "test_acc": 0.848730964467005, "_timestamp": 1653144828, "_runtime": 149, "_step": 98, "_wandb": {"runtime": 150}}