{"run_time": 0.6863598823547363, "loss": 0.06612442433834076, "train_acc": 0.9357142857142857, "val_acc": 0.8470588235294118, "test_acc": 0.8446700507614213, "_timestamp": 1653143860, "_runtime": 146, "_step": 98, "_wandb": {"runtime": 147}}