{"run_time": 2.3361480236053467, "loss": 0.9806166887283325, "train_acc": 0.7285714285714285, "val_acc": 0.7691176470588236, "test_acc": 0.7736040609137056, "forward_nfe": 30976, "_runtime": 238, "_timestamp": 1648799329, "_step": 98}