{"run_time": 1.54209303855896, "loss": 0.08372939378023148, "train_acc": 0.9071428571428571, "val_acc": 0.8433823529411765, "test_acc": 0.8233502538071066, "_timestamp": 1653159830, "_runtime": 229, "_step": 98, "_wandb": {"runtime": 230}}