{"run_time": 0.2873857021331787, "loss": 0.9293709993362427, "train_acc": 0.8833333333333333, "val_acc": 0.768840579710145, "test_acc": 0.7725806451612903, "_timestamp": 1653404069, "_runtime": 43, "_step": 98, "_wandb": {"runtime": 44}}