{"run_time": 0.7124297618865967, "loss": 0.0809597447514534, "train_acc": 0.9642857142857143, "val_acc": 0.8117647058823529, "test_acc": 0.8314720812182741, "_timestamp": 1653380507, "_runtime": 101, "_step": 98, "_wandb": {"runtime": 102}}