{"run_time": 1.4134759902954102, "loss": 0.0872102677822113, "train_acc": 0.9071428571428571, "val_acc": 0.8301470588235295, "test_acc": 0.8284263959390863, "_timestamp": 1653141334, "_runtime": 130, "_step": 98, "_wandb": {"runtime": 131}}