{"run_time": 0.25002193450927734, "loss": 0.08015090227127075, "train_acc": 0.9071428571428571, "val_acc": 0.8220588235294117, "test_acc": 0.8233502538071066, "_timestamp": 1653401478, "_runtime": 42, "_step": 98, "_wandb": {"runtime": 43}}