{"run_time": 16.729634284973145, "loss": 0.035990629345178604, "train_acc": 1.0, "val_acc": 0.8097222222222222, "test_acc": 0.806718998737443, "_timestamp": 1653416962, "_runtime": 2037, "_step": 98, "_wandb": {"runtime": 2038}}