{"run_time": 1.9957985877990723, "loss": 0.0729404091835022, "train_acc": 0.8785714285714286, "val_acc": 0.8323529411764706, "test_acc": 0.833502538071066, "_timestamp": 1653396506, "_runtime": 260, "_step": 98, "_wandb": {"runtime": 260}}