{"run_time": 1.4803953170776367, "loss": 0.03554048016667366, "train_acc": 0.9714285714285714, "val_acc": 0.8102941176470588, "test_acc": 0.8182741116751269, "_timestamp": 1653147242, "_runtime": 172, "_step": 98, "_wandb": {"runtime": 173}}