{"run_time": 0.25766420364379883, "loss": 0.8727059960365295, "train_acc": 0.8833333333333333, "val_acc": 0.7456521739130435, "test_acc": 0.7016129032258065, "_timestamp": 1653403180, "_runtime": 38, "_step": 98, "_wandb": {"runtime": 38}}