{"run_time": 0.3135051727294922, "loss": 0.9888426065444946, "train_acc": 0.75, "val_acc": 0.7528985507246376, "test_acc": 0.7661290322580645, "_timestamp": 1653404238, "_runtime": 46, "_step": 98, "_wandb": {"runtime": 46}}