{"run_time": 460.50386691093445, "loss": 0.3584657609462738, "train_acc": 0.8333333333333334, "val_acc": 0.7965277777777777, "test_acc": 0.8004611077564912, "_timestamp": 1653743993, "_runtime": 69105, "_step": 98, "_wandb": {"runtime": 69106}}