{"run_time": 2.736379384994507, "loss": 0.03174828365445137, "train_acc": 0.9785714285714285, "val_acc": 0.8566176470588235, "test_acc": 0.8477157360406091, "_timestamp": 1653165487, "_runtime": 255, "_step": 98, "_wandb": {"runtime": 256}}