{"run_time": 2.3941709995269775, "loss": 0.06759066879749298, "train_acc": 0.8928571428571429, "val_acc": 0.8161764705882353, "test_acc": 0.8406091370558376, "_timestamp": 1653399449, "_runtime": 329, "_step": 98, "_wandb": {"runtime": 329}}