{"run_time": 1509.950148820877, "loss": 0.18563885986804962, "train_acc": 0.9166666666666666, "val_acc": 0.7986111111111112, "test_acc": 0.7833891420102103, "_timestamp": 1655184685, "_runtime": 234497, "_step": 98, "_wandb": {"runtime": 234498}}