{"run_time": 3.108884572982788, "loss": 0.04202604293823242, "train_acc": 0.8928571428571429, "val_acc": 0.825, "test_acc": 0.8071065989847716, "_timestamp": 1653384453, "_runtime": 268, "_step": 98, "_wandb": {"runtime": 269}}