{"run_time": 1.9254157543182373, "loss": 0.05798939988017082, "train_acc": 0.95, "val_acc": 0.85, "test_acc": 0.8284263959390863, "_timestamp": 1653173680, "_runtime": 296, "_step": 98, "_wandb": {"runtime": 297}}