{"run_time": 2.2064104080200195, "loss": 24.395828247070312, "train_acc": 0.16428571428571428, "val_acc": 0.13161764705882353, "test_acc": 0.13908629441624365, "forward_nfe": 8038, "_runtime": 65, "_timestamp": 1648480131, "_step": 26}