{"run_time": 0.5331025123596191, "loss": 0.10568592697381973, "train_acc": 0.9714285714285714, "val_acc": 0.8264705882352941, "test_acc": 0.8253807106598985, "_timestamp": 1653137975, "_runtime": 68, "_step": 98, "_wandb": {"runtime": 69}}