{"run_time": 1.397688388824463, "loss": 0.046907052397727966, "train_acc": 0.9214285714285714, "val_acc": 0.8573529411764705, "test_acc": 0.8162436548223351, "_timestamp": 1653127228, "_runtime": 181, "_step": 98, "_wandb": {"runtime": 182}}