{"run_time": 1.9766578674316406, "loss": 0.28227928280830383, "train_acc": 0.9071428571428571, "val_acc": 0.8558823529411764, "test_acc": 0.8314720812182741, "forward_nfe": 17402, "_runtime": 133, "_timestamp": 1648648322, "_step": 60}