{"run_time": 1.5595033168792725, "loss": 0.03723439574241638, "train_acc": 0.9785714285714285, "val_acc": 0.8647058823529412, "test_acc": 0.8507614213197969, "_timestamp": 1653134085, "_runtime": 157, "_step": 98, "_wandb": {"runtime": 158}}