{"run_time": 1.4520866870880127, "loss": 0.03071088157594204, "train_acc": 0.9571428571428572, "val_acc": 0.8647058823529412, "test_acc": 0.8355329949238579, "_timestamp": 1653163615, "_runtime": 240, "_step": 98, "_wandb": {"runtime": 241}}