{"run_time": 0.2770977020263672, "loss": 1.1024225950241089, "train_acc": 0.7916666666666666, "val_acc": 0.768840579710145, "test_acc": 0.7532258064516129, "_timestamp": 1653403640, "_runtime": 41, "_step": 98, "_wandb": {"runtime": 42}}