{"run_time": 0.4967324733734131, "loss": 0.08702632784843445, "train_acc": 0.9857142857142858, "val_acc": 0.8338235294117647, "test_acc": 0.8213197969543147, "_timestamp": 1653125919, "_runtime": 58, "_step": 77}