{"run_time": 1.8158588409423828, "loss": 0.03233920782804489, "train_acc": 0.9857142857142858, "val_acc": 0.8566176470588235, "test_acc": 0.8446700507614213, "_timestamp": 1653126860, "_runtime": 172, "_step": 98, "_wandb": {"runtime": 173}}