{"run_time": 0.28958892822265625, "loss": 1.0140573978424072, "train_acc": 0.85, "val_acc": 0.75, "test_acc": 0.7370967741935484, "_timestamp": 1653403587, "_runtime": 41, "_step": 98, "_wandb": {"runtime": 42}}