{"run_time": 1.4437530040740967, "loss": 0.0747382864356041, "train_acc": 0.9857142857142858, "val_acc": 0.8345588235294118, "test_acc": 0.8406091370558376, "_timestamp": 1653126352, "_runtime": 125, "_step": 98, "_wandb": {"runtime": 124}}