{"run_time": 2.369438409805298, "loss": 0.06644704192876816, "train_acc": 0.8928571428571429, "val_acc": 0.8426470588235294, "test_acc": 0.8294416243654822, "_timestamp": 1653398035, "_runtime": 332, "_step": 98, "_wandb": {"runtime": 333}}