{"run_time": 2.615595579147339, "loss": 0.052396245300769806, "train_acc": 0.9571428571428572, "val_acc": 0.8654411764705883, "test_acc": 0.8243654822335026, "_timestamp": 1653170526, "_runtime": 288, "_step": 98, "_wandb": {"runtime": 290}}