{"run_time": 2.258908748626709, "loss": 0.040961939841508865, "train_acc": 0.8714285714285714, "val_acc": 0.8227941176470588, "test_acc": 0.7898477157360406, "_timestamp": 1653177329, "_runtime": 325, "_step": 98, "_wandb": {"runtime": 326}}