{"run_time": 0.22977709770202637, "loss": 0.07858093827962875, "train_acc": 1.0, "val_acc": 0.7479166666666667, "test_acc": 0.7264642915957622, "_timestamp": 1653408253, "_runtime": 36, "_step": 93, "_wandb": {"runtime": 38}}