{"run_time": 2.1931676864624023, "loss": 0.08121562004089355, "train_acc": 0.9642857142857143, "val_acc": 0.861764705882353, "test_acc": 0.8588832487309644, "_timestamp": 1653398371, "_runtime": 325, "_step": 98, "_wandb": {"runtime": 325}}