{"run_time": 1.4430160522460938, "loss": 0.06482616811990738, "train_acc": 0.9642857142857143, "val_acc": 0.85, "test_acc": 0.8284263959390863, "_timestamp": 1653157705, "_runtime": 245, "_step": 98, "_wandb": {"runtime": 246}}