{"run_time": 0.28237032890319824, "loss": 0.031018853187561035, "train_acc": 0.9571428571428572, "val_acc": 0.8529411764705882, "test_acc": 0.8223350253807107, "_timestamp": 1653401655, "_runtime": 49, "_step": 98, "_wandb": {"runtime": 49}}