{"run_time": 1.5794572830200195, "loss": 0.06033957377076149, "train_acc": 0.9714285714285714, "val_acc": 0.8455882352941176, "test_acc": 0.8345177664974619, "_timestamp": 1653146348, "_runtime": 167, "_step": 98, "_wandb": {"runtime": 168}}