{"run_time": 1.628051996231079, "loss": 0.05830688402056694, "train_acc": 0.8571428571428571, "val_acc": 0.8404411764705882, "test_acc": 0.8538071065989847, "_timestamp": 1653151230, "_runtime": 189, "_step": 98, "_wandb": {"runtime": 190}}