{"run_time": 1.255427598953247, "loss": 0.04841610789299011, "train_acc": 0.9785714285714285, "val_acc": 0.8522058823529411, "test_acc": 0.8517766497461929, "_timestamp": 1653135490, "_runtime": 158, "_step": 98, "_wandb": {"runtime": 159}}