{"run_time": 0.8600015640258789, "loss": 0.03853551670908928, "train_acc": 0.9142857142857143, "val_acc": 0.8426470588235294, "test_acc": 0.8284263959390863, "_timestamp": 1653140296, "_runtime": 100, "_step": 98, "_wandb": {"runtime": 101}}