{"run_time": 0.2922852039337158, "loss": 1.037847638130188, "train_acc": 0.8833333333333333, "val_acc": 0.7673913043478261, "test_acc": 0.7322580645161291, "_timestamp": 1653406221, "_runtime": 55, "_step": 98, "_wandb": {"runtime": 55}}