{"run_time": 1.4389867782592773, "loss": 0.04763666167855263, "train_acc": 0.9142857142857143, "val_acc": 0.8522058823529411, "test_acc": 0.8385786802030457, "_timestamp": 1653141468, "_runtime": 122, "_step": 98, "_wandb": {"runtime": 123}}