{"run_time": 0.5315830707550049, "loss": 0.05785904452204704, "train_acc": 0.9714285714285714, "val_acc": 0.8345588235294118, "test_acc": 0.8111675126903554, "_timestamp": 1653138381, "_runtime": 67, "_step": 98, "_wandb": {"runtime": 68}}