{"run_time": 0.18278741836547852, "loss": 0.9943838715553284, "train_acc": 0.85, "val_acc": 0.7434782608695653, "test_acc": 0.7193548387096774, "_timestamp": 1653402534, "_runtime": 29, "_step": 98, "_wandb": {"runtime": 30}}