{"run_time": 2.0035510063171387, "loss": 0.0664815828204155, "train_acc": 0.9642857142857143, "val_acc": 0.8698529411764706, "test_acc": 0.8467005076142132, "_timestamp": 1653168192, "_runtime": 277, "_step": 98, "_wandb": {"runtime": 278}}