{"run_time": 1.6581659317016602, "loss": 0.054928187280893326, "train_acc": 0.9928571428571429, "val_acc": 0.8338235294117647, "test_acc": 0.8314720812182741, "_timestamp": 1653166017, "_runtime": 266, "_step": 98, "_wandb": {"runtime": 266}}