{"run_time": 1.7358698844909668, "loss": 0.038504064083099365, "train_acc": 0.9857142857142858, "val_acc": 0.8455882352941176, "test_acc": 0.8538071065989847, "_timestamp": 1653151029, "_runtime": 190, "_step": 98, "_wandb": {"runtime": 191}}