{"run_time": 0.3306434154510498, "loss": 1.0521087646484375, "train_acc": 0.8083333333333333, "val_acc": 0.744927536231884, "test_acc": 0.7241935483870968, "_timestamp": 1653404879, "_runtime": 47, "_step": 98, "_wandb": {"runtime": 49}}