{"run_time": 2.526564121246338, "loss": 0.03812534362077713, "train_acc": 0.9285714285714286, "val_acc": 0.8625, "test_acc": 0.8395939086294416, "_timestamp": 1653130051, "_runtime": 287, "_step": 98, "_wandb": {"runtime": 288}}