{"run_time": 0.389801025390625, "loss": 1.1941756010055542, "train_acc": 0.7916666666666666, "val_acc": 0.7652173913043478, "test_acc": 0.7274193548387097, "_timestamp": 1653407055, "_runtime": 60, "_step": 98, "_wandb": {"runtime": 61}}