{"run_time": 0.3693845272064209, "loss": 1.0463401079177856, "train_acc": 0.8, "val_acc": 0.7442028985507246, "test_acc": 0.7387096774193549, "_timestamp": 1653407267, "_runtime": 59, "_step": 98, "_wandb": {"runtime": 61}}