{"run_time": 1.4283599853515625, "loss": 0.5356008410453796, "train_acc": 0.9571428571428572, "val_acc": 0.8286764705882353, "test_acc": 0.8345177664974619, "forward_nfe": 18382, "_runtime": 151, "_timestamp": 1648797866, "_step": 98}