{"run_time": 0.5808365345001221, "loss": 0.7750604152679443, "train_acc": 0.9714285714285714, "val_acc": 0.736764705882353, "test_acc": 0.751269035532995, "_timestamp": 1653378458, "_runtime": 12, "_step": 4, "_wandb": {"runtime": 13}}