{"run_time": 1.4962053298950195, "loss": 2.114597797393799, "train_acc": 0.89, "val_acc": 0.7738297872340425, "test_acc": 0.7713942848571215, "_timestamp": 1653379364, "_runtime": 40, "_step": 9, "_wandb": {"runtime": 42}}