{"run_time": 3.452563524246216, "loss": 16.936420440673828, "train_acc": 0.12142857142857143, "val_acc": 0.13161764705882353, "test_acc": 0.15532994923857868, "forward_nfe": 3120, "_runtime": 31, "_timestamp": 1648647397, "_step": 7}