{"run_time": 1.3203539848327637, "loss": 0.04056008905172348, "train_acc": 0.8857142857142857, "val_acc": 0.8301470588235295, "test_acc": 0.8233502538071066, "_timestamp": 1653146007, "_runtime": 170, "_step": 98, "_wandb": {"runtime": 171}}