{"run_time": 1.9999356269836426, "loss": 0.05648105964064598, "train_acc": 0.8785714285714286, "val_acc": 0.8536764705882353, "test_acc": 0.8131979695431472, "_timestamp": 1653176011, "_runtime": 277, "_step": 98, "_wandb": {"runtime": 278}}