{"run_time": 0.6685340404510498, "loss": 0.040927283465862274, "train_acc": 0.9857142857142858, "val_acc": 0.8242647058823529, "test_acc": 0.8395939086294416, "_timestamp": 1653391458, "_runtime": 236, "_step": 98, "_wandb": {"runtime": 237}}