{"run_time": 3.1927101612091064, "loss": 0.044605206698179245, "train_acc": 0.9928571428571429, "val_acc": 0.8286764705882353, "test_acc": 0.8010152284263959, "_timestamp": 1653389943, "_runtime": 347, "_step": 98, "_wandb": {"runtime": 348}}