{"run_time": 1.5934009552001953, "loss": 0.09219115972518921, "train_acc": 0.9571428571428572, "val_acc": 0.8477941176470588, "test_acc": 0.8182741116751269, "_timestamp": 1653153866, "_runtime": 202, "_step": 98, "_wandb": {"runtime": 202}}