{"run_time": 2.402979850769043, "loss": 0.9053264260292053, "train_acc": 0.25, "val_acc": 0.22794117647058823, "test_acc": 0.21421319796954313, "forward_nfe": 3668, "_runtime": 34, "_timestamp": 1648647918, "_step": 9}