{"run_time": 2.107990026473999, "loss": 0.18187318742275238, "train_acc": 0.9428571428571428, "val_acc": 0.8676470588235294, "test_acc": 0.8517766497461929, "forward_nfe": 27880, "_runtime": 211, "_timestamp": 1648648570, "_step": 98}