{"run_time": 1.8977348804473877, "loss": 0.09560789167881012, "train_acc": 0.9857142857142858, "val_acc": 0.8625, "test_acc": 0.8467005076142132, "_timestamp": 1653167370, "_runtime": 250, "_step": 98, "_wandb": {"runtime": 251}}