{"run_time": 1.7295122146606445, "loss": 0.05724276229739189, "train_acc": 0.9571428571428572, "val_acc": 0.8448529411764706, "test_acc": 0.8233502538071066, "_timestamp": 1653156501, "_runtime": 220, "_step": 98, "_wandb": {"runtime": 220}}