{"run_time": 1.8393943309783936, "loss": 0.08371659368276596, "train_acc": 0.9357142857142857, "val_acc": 0.825, "test_acc": 0.8274111675126904, "_timestamp": 1653164098, "_runtime": 248, "_step": 98, "_wandb": {"runtime": 249}}