{"run_time": 0.6201510429382324, "loss": 0.0800161138176918, "train_acc": 0.95, "val_acc": 0.8272058823529411, "test_acc": 0.8233502538071066, "_timestamp": 1653125995, "_runtime": 67, "_step": 98, "_wandb": {"runtime": 69}}