{"run_time": 1.6445565223693848, "loss": 0.03709127753973007, "train_acc": 0.9142857142857143, "val_acc": 0.8470588235294118, "test_acc": 0.849746192893401, "_timestamp": 1653149003, "_runtime": 176, "_step": 98, "_wandb": {"runtime": 177}}