{"run_time": 1.2820887565612793, "loss": 0.048829108476638794, "train_acc": 0.9928571428571429, "val_acc": 0.850735294117647, "test_acc": 0.8467005076142132, "_timestamp": 1653143241, "_runtime": 145, "_step": 98, "_wandb": {"runtime": 146}}