{"run_time": 1.6532704830169678, "loss": 0.033856939524412155, "train_acc": 0.9428571428571428, "val_acc": 0.8397058823529412, "test_acc": 0.8355329949238579, "_timestamp": 1653149200, "_runtime": 184, "_step": 98, "_wandb": {"runtime": 184}}