{"run_time": 4.5862040519714355, "loss": 69.39822387695312, "train_acc": 0.14285714285714285, "val_acc": 0.31176470588235294, "test_acc": 0.2862944162436548, "forward_nfe": 7778, "_runtime": 65, "_timestamp": 1648478698, "_step": 12}