{"run_time": 2.332338571548462, "loss": 0.04171033576130867, "train_acc": 0.9857142857142858, "val_acc": 0.8757352941176471, "test_acc": 0.8416243654822335, "_timestamp": 1653384173, "_runtime": 253, "_step": 98, "_wandb": {"runtime": 254}}