{"run_time": 0.263897180557251, "loss": 0.8818434476852417, "train_acc": 0.8583333333333333, "val_acc": 0.7594202898550725, "test_acc": 0.7193548387096774, "_timestamp": 1653403379, "_runtime": 39, "_step": 98, "_wandb": {"runtime": 40}}