{"run_time": 2.289821147918701, "loss": 0.6349765062332153, "train_acc": 0.9285714285714286, "val_acc": 0.8433823529411765, "test_acc": 0.8467005076142132, "forward_nfe": 31312, "_runtime": 242, "_timestamp": 1648797130, "_step": 98}