{"run_time": 1.5160372257232666, "loss": 0.08540508151054382, "train_acc": 0.9714285714285714, "val_acc": 0.8602941176470589, "test_acc": 0.8345177664974619, "_timestamp": 1653162852, "_runtime": 236, "_step": 98, "_wandb": {"runtime": 236}}