{"run_time": 1.8272647857666016, "loss": 0.0459829606115818, "train_acc": 0.9642857142857143, "val_acc": 0.8485294117647059, "test_acc": 0.8385786802030457, "_timestamp": 1653172212, "_runtime": 276, "_step": 98, "_wandb": {"runtime": 277}}