{"run_time": 1.9118473529815674, "loss": 0.028663285076618195, "train_acc": 0.9714285714285714, "val_acc": 0.836764705882353, "test_acc": 0.8446700507614213, "_timestamp": 1653174259, "_runtime": 272, "_step": 98, "_wandb": {"runtime": 273}}