{"run_time": 0.31610727310180664, "loss": 1.0071661472320557, "train_acc": 0.75, "val_acc": 0.7492753623188406, "test_acc": 0.7548387096774194, "_timestamp": 1653404583, "_runtime": 47, "_step": 98, "_wandb": {"runtime": 47}}