{"run_time": 1.899686574935913, "loss": 0.04945898801088333, "train_acc": 0.95, "val_acc": 0.8492647058823529, "test_acc": 0.8304568527918782, "_timestamp": 1653155381, "_runtime": 216, "_step": 98, "_wandb": {"runtime": 217}}