{"run_time": 1.824582576751709, "loss": 0.04574847221374512, "train_acc": 0.95, "val_acc": 0.8308823529411765, "test_acc": 0.8203045685279188, "_timestamp": 1653134261, "_runtime": 160, "_step": 98, "_wandb": {"runtime": 161}}