{"run_time": 0.3165593147277832, "loss": 1.1371084451675415, "train_acc": 0.7916666666666666, "val_acc": 0.7681159420289855, "test_acc": 0.7370967741935484, "_timestamp": 1653404466, "_runtime": 45, "_step": 98, "_wandb": {"runtime": 46}}