{"run_time": 1.7803328037261963, "loss": 0.02545180357992649, "train_acc": 0.9214285714285714, "val_acc": 0.8441176470588235, "test_acc": 0.8375634517766497, "_timestamp": 1653391866, "_runtime": 320, "_step": 98, "_wandb": {"runtime": 321}}