{"run_time": 1.2766785621643066, "loss": 0.05887043848633766, "train_acc": 1.0, "val_acc": 0.8426470588235294, "test_acc": 0.8477157360406091, "_timestamp": 1653141738, "_runtime": 122, "_step": 98, "_wandb": {"runtime": 122}}