{"run_time": 0.31395816802978516, "loss": 1.1326998472213745, "train_acc": 0.7583333333333333, "val_acc": 0.7652173913043478, "test_acc": 0.7338709677419355, "_timestamp": 1653404351, "_runtime": 45, "_step": 98, "_wandb": {"runtime": 46}}