{"run_time": 0.35279202461242676, "loss": 1.1610349416732788, "train_acc": 0.7333333333333333, "val_acc": 0.7644927536231884, "test_acc": 0.7161290322580646, "_timestamp": 1653405886, "_runtime": 53, "_step": 98, "_wandb": {"runtime": 54}}