{"run_time": 23.52087926864624, "loss": 0.08473005890846252, "train_acc": 0.9666666666666667, "val_acc": 0.8034722222222223, "test_acc": 0.795246198605698, "_timestamp": 1653424044, "_runtime": 2931, "_step": 98, "_wandb": {"runtime": 2931}}