{"run_time": 3429.2780046463013, "loss": 0.515322744846344, "train_acc": 0.85, "val_acc": 0.7555555555555555, "test_acc": 0.7535818191798869, "_timestamp": 1654538882, "_runtime": 58400, "_step": 19, "_wandb": {"runtime": 58400}}