{"run_time": 1.448392391204834, "loss": 0.03854993358254433, "train_acc": 0.9857142857142858, "val_acc": 0.8455882352941176, "test_acc": 0.8588832487309644, "_timestamp": 1653153444, "_runtime": 206, "_step": 98, "_wandb": {"runtime": 206}}