{"run_time": 1.695664882659912, "loss": 0.7223023772239685, "train_acc": 0.95625, "val_acc": 0.7850746268656716, "test_acc": 0.8037414397862035, "_timestamp": 1653379304, "_runtime": 42, "_step": 9, "_wandb": {"runtime": 42}}