{"run_time": 2.180603265762329, "loss": 0.04233420267701149, "train_acc": 0.9285714285714286, "val_acc": 0.850735294117647, "test_acc": 0.8324873096446701, "_timestamp": 1653394355, "_runtime": 250, "_step": 98, "_wandb": {"runtime": 251}}