{"run_time": 1.4196419715881348, "loss": 0.05681278556585312, "train_acc": 0.95, "val_acc": 0.8345588235294118, "test_acc": 0.8609137055837564, "_timestamp": 1653150607, "_runtime": 189, "_step": 98, "_wandb": {"runtime": 190}}