{"run_time": 1.01249098777771, "loss": 0.047271180897951126, "train_acc": 0.9285714285714286, "val_acc": 0.8522058823529411, "test_acc": 0.868020304568528, "_timestamp": 1653381977, "_runtime": 92, "_step": 98, "_wandb": {"runtime": 93}}