{"run_time": 0.26988935470581055, "loss": 1.0681099891662598, "train_acc": 0.775, "val_acc": 0.7442028985507246, "test_acc": 0.7629032258064516, "_timestamp": 1653403430, "_runtime": 39, "_step": 98, "_wandb": {"runtime": 41}}