{"run_time": 0.2568700313568115, "loss": 0.9425874352455139, "train_acc": 0.725, "val_acc": 0.7702898550724637, "test_acc": 0.7354838709677419, "_timestamp": 1653403130, "_runtime": 37, "_step": 98, "_wandb": {"runtime": 38}}