{"run_time": 1.2403991222381592, "loss": 0.031866010278463364, "train_acc": 1.0, "val_acc": 0.8419117647058824, "test_acc": 0.8385786802030457, "_timestamp": 1653139607, "_runtime": 111, "_step": 98, "_wandb": {"runtime": 112}}