{"run_time": 1.5745441913604736, "loss": 0.05016104876995087, "train_acc": 0.9928571428571429, "val_acc": 0.8573529411764705, "test_acc": 0.8406091370558376, "_timestamp": 1653157212, "_runtime": 233, "_step": 98, "_wandb": {"runtime": 234}}