{"run_time": 1.311324119567871, "loss": 0.0346907414495945, "train_acc": 0.9642857142857143, "val_acc": 0.8426470588235294, "test_acc": 0.8609137055837564, "_timestamp": 1653134786, "_runtime": 146, "_step": 98, "_wandb": {"runtime": 146}}