{"run_time": 0.4036843776702881, "loss": 1.3416458368301392, "train_acc": 0.775, "val_acc": 0.7543478260869565, "test_acc": 0.7338709677419355, "_timestamp": 1653407125, "_runtime": 59, "_step": 98, "_wandb": {"runtime": 60}}