{"run_time": 0.8745806217193604, "loss": 0.08160058408975601, "train_acc": 1.0, "val_acc": 0.7639705882352941, "test_acc": 0.732994923857868, "_timestamp": 1653377282, "_runtime": 31, "_step": 18, "_wandb": {"runtime": 33}}