{"run_time": 0.36167168617248535, "loss": 1.2845966815948486, "train_acc": 0.7666666666666667, "val_acc": 0.7543478260869565, "test_acc": 0.7435483870967742, "_timestamp": 1653405952, "_runtime": 54, "_step": 98, "_wandb": {"runtime": 55}}