{"run_time": 0.4632148742675781, "loss": 0.02741457335650921, "train_acc": 0.9714285714285714, "val_acc": 0.825735294117647, "test_acc": 0.817258883248731, "_timestamp": 1653394075, "_runtime": 283, "_step": 98, "_wandb": {"runtime": 284}}