{"run_time": 1.593144178390503, "loss": 0.05835622921586037, "train_acc": 0.8642857142857143, "val_acc": 0.8007352941176471, "test_acc": 0.8081218274111676, "_timestamp": 1653171676, "_runtime": 276, "_step": 98, "_wandb": {"runtime": 277}}