{"run_time": 0.2955148220062256, "loss": 0.8332149982452393, "train_acc": 0.7583333333333333, "val_acc": 0.7652173913043478, "test_acc": 0.7161290322580646, "_timestamp": 1653403693, "_runtime": 41, "_step": 98, "_wandb": {"runtime": 42}}