{"run_time": 0.5712766647338867, "loss": 0.1251092553138733, "train_acc": 0.9642857142857143, "val_acc": 0.8463235294117647, "test_acc": 0.848730964467005, "_timestamp": 1653388256, "_runtime": 131, "_step": 98, "_wandb": {"runtime": 132}}