{"run_time": 1.680487871170044, "loss": 0.05100226029753685, "train_acc": 0.9857142857142858, "val_acc": 0.8602941176470589, "test_acc": 0.8436548223350254, "_timestamp": 1653383662, "_runtime": 170, "_step": 98, "_wandb": {"runtime": 171}}