{"run_time": 1.9358210563659668, "loss": 0.07625099271535873, "train_acc": 0.9071428571428571, "val_acc": 0.8397058823529412, "test_acc": 0.8375634517766497, "_timestamp": 1653394895, "_runtime": 264, "_step": 98, "_wandb": {"runtime": 266}}