{"run_time": 1.7856864929199219, "loss": 0.0450974777340889, "train_acc": 0.9714285714285714, "val_acc": 0.8470588235294118, "test_acc": 0.8385786802030457, "_timestamp": 1653397064, "_runtime": 270, "_step": 98, "_wandb": {"runtime": 271}}