{"run_time": 2.219716787338257, "loss": 0.15456920862197876, "train_acc": 0.9714285714285714, "val_acc": 0.85, "test_acc": 0.8507614213197969, "forward_nfe": 28768, "_runtime": 219, "_timestamp": 1648645966, "_step": 98}