{"run_time": 1.7911274433135986, "loss": 0.07134188711643219, "train_acc": 0.9, "val_acc": 0.8345588235294118, "test_acc": 0.8294416243654822, "_timestamp": 1653151809, "_runtime": 185, "_step": 98, "_wandb": {"runtime": 186}}