{"run_time": 0.37796664237976074, "loss": 1.3485780954360962, "train_acc": 0.775, "val_acc": 0.7652173913043478, "test_acc": 0.7516129032258064, "_timestamp": 1653407196, "_runtime": 60, "_step": 98, "_wandb": {"runtime": 61}}