{"run_time": 0.3419170379638672, "loss": 1.0886512994766235, "train_acc": 0.7583333333333333, "val_acc": 0.7594202898550725, "test_acc": 0.7532258064516129, "_timestamp": 1653405121, "_runtime": 50, "_step": 98, "_wandb": {"runtime": 51}}