{"run_time": 1.657832145690918, "loss": 0.04425717517733574, "train_acc": 0.9071428571428571, "val_acc": 0.8308823529411765, "test_acc": 0.8365482233502538, "_timestamp": 1653178512, "_runtime": 261, "_step": 98, "_wandb": {"runtime": 263}}