{"run_time": 1.0415384769439697, "loss": 0.06623782962560654, "train_acc": 0.9642857142857143, "val_acc": 0.8536764705882353, "test_acc": 0.8294416243654822, "_timestamp": 1653140184, "_runtime": 74, "_step": 98, "_wandb": {"runtime": 75}}