{"run_time": 2.669491767883301, "loss": 0.04507490247488022, "train_acc": 0.9642857142857143, "val_acc": 0.8448529411764706, "test_acc": 0.8355329949238579, "_timestamp": 1653384644, "_runtime": 179, "_step": 98, "_wandb": {"runtime": 179}}