{"run_time": 1.7967541217803955, "loss": 0.0369391106069088, "train_acc": 0.8857142857142857, "val_acc": 0.8632352941176471, "test_acc": 0.817258883248731, "_timestamp": 1653176599, "_runtime": 285, "_step": 98, "_wandb": {"runtime": 286}}