{"run_time": 0.13663530349731445, "loss": 0.9050856828689575, "train_acc": 0.8833333333333333, "val_acc": 0.7463768115942029, "test_acc": 0.7387096774193549, "_timestamp": 1653402369, "_runtime": 24, "_step": 98, "_wandb": {"runtime": 25}}