{"loss_mean": 0.06638741828501224, "train_accs_mean": 1.0, "val_accs_mean": 0.9322388059701494, "test_accs_mean": 0.9266410556205111, "fw_nfe_mean": 6377.2, "loss_std": 0.004709431127920253, "train_accs_std": 0.0, "val_accs_std": 0.01359274635227163, "test_accs_std": 0.00717437741224455, "fw_nfe_std": 15.13142425550219, "_timestamp": 1649829902, "_runtime": 1050, "_step": 98, "_wandb": {"runtime": 1050}}