{"run_time": 0.2097628116607666, "loss": 0.8403365015983582, "train_acc": 0.85, "val_acc": 0.7376811594202899, "test_acc": 0.7596774193548387, "_timestamp": 1653402663, "_runtime": 33, "_step": 98, "_wandb": {"runtime": 33}}