{"run_time": 1.5407867431640625, "loss": 0.04456615447998047, "train_acc": 1.0, "val_acc": 0.8330882352941177, "test_acc": 0.848730964467005, "_timestamp": 1653128131, "_runtime": 246, "_step": 98, "_wandb": {"runtime": 246}}