{"run_time": 0.4998514652252197, "loss": 0.14086242020130157, "train_acc": 0.9928571428571429, "val_acc": 0.836764705882353, "test_acc": 0.8274111675126904, "_timestamp": 1653138302, "_runtime": 68, "_step": 98, "_wandb": {"runtime": 70}}