{"run_time": 0.2791163921356201, "loss": 0.03032567910850048, "train_acc": 1.0, "val_acc": 0.7791666666666667, "test_acc": 0.7776252950540704, "_timestamp": 1653408488, "_runtime": 47, "_step": 98, "_wandb": {"runtime": 48}}