{"run_time": 0.2847726345062256, "loss": 1.0730175971984863, "train_acc": 0.75, "val_acc": 0.7659420289855072, "test_acc": 0.7580645161290323, "_timestamp": 1653403328, "_runtime": 38, "_step": 98, "_wandb": {"runtime": 39}}