{"run_time": 1.483985424041748, "loss": 0.03998827189207077, "train_acc": 0.9142857142857143, "val_acc": 0.8573529411764705, "test_acc": 0.8426395939086294, "_timestamp": 1653147058, "_runtime": 172, "_step": 98, "_wandb": {"runtime": 173}}