{"run_time": 57.130789279937744, "loss": 0.08239320665597916, "train_acc": 0.9833333333333333, "val_acc": 0.8326388888888889, "test_acc": 0.82444968985014, "_timestamp": 1653430438, "_runtime": 6383, "_step": 98, "_wandb": {"runtime": 6383}}