{"run_time": 0.15931129455566406, "loss": 0.05860252305865288, "train_acc": 0.9428571428571428, "val_acc": 0.8514705882352941, "test_acc": 0.8406091370558376, "_timestamp": 1653381110, "_runtime": 99, "_step": 98, "_wandb": {"runtime": 99}}