{"run_time": 1.7526607513427734, "loss": 0.048728350549936295, "train_acc": 0.9571428571428572, "val_acc": 0.85, "test_acc": 0.8365482233502538, "_timestamp": 1653127438, "_runtime": 198, "_step": 98, "_wandb": {"runtime": 199}}