{"run_time": 0.48954105377197266, "loss": 0.07056231051683426, "train_acc": 0.9857142857142858, "val_acc": 0.8308823529411765, "test_acc": 0.8385786802030457, "_timestamp": 1653137814, "_runtime": 75, "_step": 98, "_wandb": {"runtime": 76}}