{"run_time": 0.531862735748291, "loss": 0.06924547255039215, "train_acc": 0.9428571428571428, "val_acc": 0.8294117647058824, "test_acc": 0.8243654822335026, "_timestamp": 1653138055, "_runtime": 67, "_step": 98, "_wandb": {"runtime": 69}}