{"run_time": 1.3572802543640137, "loss": 0.07053153216838837, "train_acc": 0.9357142857142857, "val_acc": 0.8433823529411765, "test_acc": 0.8395939086294416, "_timestamp": 1653127036, "_runtime": 165, "_step": 98, "_wandb": {"runtime": 166}}