{"run_time": 0.8820240497589111, "loss": 0.04371362924575806, "train_acc": 1.0, "val_acc": 0.8308823529411765, "test_acc": 0.8274111675126904, "_timestamp": 1653381773, "_runtime": 146, "_step": 98, "_wandb": {"runtime": 148}}