{"run_time": 1.2284910678863525, "loss": 0.06807436794042587, "train_acc": 0.9928571428571429, "val_acc": 0.8441176470588235, "test_acc": 0.8456852791878172, "_timestamp": 1653140098, "_runtime": 120, "_step": 98, "_wandb": {"runtime": 121}}