{"run_time": 2.2282981872558594, "loss": 0.05793168023228645, "train_acc": 1.0, "val_acc": 0.8264705882352941, "test_acc": 0.8375634517766497, "_timestamp": 1653152384, "_runtime": 177, "_step": 98, "_wandb": {"runtime": 177}}