{"run_time": 2.2779159545898438, "loss": 2.1412010192871094, "train_acc": 0.14285714285714285, "val_acc": 0.15955882352941175, "test_acc": 0.1715736040609137, "forward_nfe": 3782, "_runtime": 35, "_timestamp": 1648645320, "_step": 12}