{"run_time": 0.3612940311431885, "loss": 1.3208686113357544, "train_acc": 0.7833333333333333, "val_acc": 0.7717391304347826, "test_acc": 0.7387096774193549, "_timestamp": 1653405561, "_runtime": 51, "_step": 98, "_wandb": {"runtime": 52}}