{"run_time": 1.6131517887115479, "loss": 0.02858423814177513, "train_acc": 0.9571428571428572, "val_acc": 0.8463235294117647, "test_acc": 0.8456852791878172, "_timestamp": 1653160306, "_runtime": 219, "_step": 98, "_wandb": {"runtime": 220}}