{"run_time": 1.6965866088867188, "loss": 0.09771127998828888, "train_acc": 0.9428571428571428, "val_acc": 0.825735294117647, "test_acc": 0.8395939086294416, "_timestamp": 1653155608, "_runtime": 216, "_step": 98, "_wandb": {"runtime": 216}}