{"run_time": 1.7550544738769531, "loss": 0.034378647804260254, "train_acc": 0.9928571428571429, "val_acc": 0.8411764705882353, "test_acc": 0.8456852791878172, "_timestamp": 1653395141, "_runtime": 234, "_step": 98, "_wandb": {"runtime": 235}}