{"run_time": 1.942479133605957, "loss": 0.11315000057220459, "train_acc": 0.8857142857142857, "val_acc": 0.8389705882352941, "test_acc": 0.8345177664974619, "_timestamp": 1653177928, "_runtime": 288, "_step": 98, "_wandb": {"runtime": 289}}