{"run_time": 1.64985990524292, "loss": 0.04845563322305679, "train_acc": 0.8714285714285714, "val_acc": 0.8397058823529412, "test_acc": 0.8426395939086294, "_timestamp": 1653164908, "_runtime": 245, "_step": 98, "_wandb": {"runtime": 246}}