{"run_time": 0.3805680274963379, "loss": 1.2313377857208252, "train_acc": 0.7583333333333333, "val_acc": 0.7434782608695653, "test_acc": 0.7903225806451613, "_timestamp": 1653406289, "_runtime": 57, "_step": 98, "_wandb": {"runtime": 58}}