{"run_time": 0.35134267807006836, "loss": 1.0538092851638794, "train_acc": 0.8583333333333333, "val_acc": 0.7485507246376811, "test_acc": 0.7354838709677419, "_timestamp": 1653406495, "_runtime": 56, "_step": 98, "_wandb": {"runtime": 57}}