{"run_time": 0.3855118751525879, "loss": 1.3063302040100098, "train_acc": 0.7666666666666667, "val_acc": 0.763768115942029, "test_acc": 0.7306451612903225, "_timestamp": 1653407341, "_runtime": 62, "_step": 98, "_wandb": {"runtime": 63}}