{"run_time": 0.39636731147766113, "loss": 1.155672311782837, "train_acc": 0.7583333333333333, "val_acc": 0.7528985507246376, "test_acc": 0.7338709677419355, "_timestamp": 1653406087, "_runtime": 55, "_step": 98, "_wandb": {"runtime": 56}}