{"run_time": 3.1249701976776123, "loss": 0.03218763694167137, "train_acc": 0.8571428571428571, "val_acc": 0.8360294117647059, "test_acc": 0.8294416243654822, "_timestamp": 1653389583, "_runtime": 344, "_step": 98, "_wandb": {"runtime": 345}}