{"run_time": 2.757805347442627, "loss": 0.07728791236877441, "train_acc": 0.9714285714285714, "val_acc": 0.8602941176470589, "test_acc": 0.8639593908629442, "_timestamp": 1653399829, "_runtime": 368, "_step": 98, "_wandb": {"runtime": 369}}