{"run_time": 1.6593883037567139, "loss": 0.04342593625187874, "train_acc": 0.9214285714285714, "val_acc": 0.85, "test_acc": 0.8426395939086294, "_timestamp": 1653174537, "_runtime": 267, "_step": 98, "_wandb": {"runtime": 268}}