{"run_time": 1773.30655002594, "loss": 0.36571499705314636, "train_acc": 0.85, "val_acc": 0.8319444444444445, "test_acc": 0.8097381566668497, "_timestamp": 1654950164, "_runtime": 213196, "_step": 98, "_wandb": {"runtime": 213196}}