{"run_time": 1.4603168964385986, "loss": 0.07485352456569672, "train_acc": 0.9071428571428571, "val_acc": 0.8308823529411765, "test_acc": 0.817258883248731, "_timestamp": 1653381000, "_runtime": 142, "_step": 98, "_wandb": {"runtime": 143}}