{"run_time": 0.25779151916503906, "loss": 1.0895061492919922, "train_acc": 0.8666666666666667, "val_acc": 0.7579710144927536, "test_acc": 0.7274193548387097, "_timestamp": 1653403229, "_runtime": 37, "_step": 98, "_wandb": {"runtime": 38}}