{"run_time": 0.4040870666503906, "loss": 1.150203824043274, "train_acc": 0.6833333333333333, "val_acc": 0.744927536231884, "test_acc": 0.7403225806451613, "_timestamp": 1653406774, "_runtime": 59, "_step": 98, "_wandb": {"runtime": 60}}