{"run_time": 0.2847104072570801, "loss": 1.1517313718795776, "train_acc": 0.7833333333333333, "val_acc": 0.7557971014492754, "test_acc": 0.7548387096774194, "_timestamp": 1653403534, "_runtime": 41, "_step": 98, "_wandb": {"runtime": 41}}