{"run_time": 2.093172788619995, "loss": 0.055409569293260574, "train_acc": 0.9285714285714286, "val_acc": 0.8492647058823529, "test_acc": 0.8456852791878172, "_timestamp": 1653159119, "_runtime": 223, "_step": 98, "_wandb": {"runtime": 223}}