{"run_time": 373.28004932403564, "loss": 0.2646152377128601, "train_acc": 0.9, "val_acc": 0.7777777777777778, "test_acc": 0.7728495361475545, "_timestamp": 1653584844, "_runtime": 58076, "_step": 98, "_wandb": {"runtime": 58077}}