{"run_time": 0.35361695289611816, "loss": 1.1304230690002441, "train_acc": 0.8583333333333333, "val_acc": 0.7594202898550725, "test_acc": 0.7419354838709677, "_timestamp": 1653406563, "_runtime": 56, "_step": 98, "_wandb": {"runtime": 56}}