{"run_time": 0.32463502883911133, "loss": 0.9842621684074402, "train_acc": 0.8083333333333333, "val_acc": 0.7789855072463768, "test_acc": 0.7322580645161291, "_timestamp": 1653404524, "_runtime": 46, "_step": 98, "_wandb": {"runtime": 48}}