{"run_time": 0.564589262008667, "loss": 0.0789952427148819, "train_acc": 0.9333333333333333, "val_acc": 0.7680555555555556, "test_acc": 0.7814129659109623, "_timestamp": 1653411027, "_runtime": 373, "_step": 98, "_wandb": {"runtime": 374}}