{"run_time": 2.127013921737671, "loss": 0.042039427906274796, "train_acc": 0.9214285714285714, "val_acc": 0.8588235294117647, "test_acc": 0.8395939086294416, "_timestamp": 1653381614, "_runtime": 177, "_step": 98, "_wandb": {"runtime": 178}}