{"run_time": 1.4545083045959473, "loss": 0.06726177781820297, "train_acc": 0.9, "val_acc": 0.8433823529411765, "test_acc": 0.848730964467005, "_timestamp": 1653126676, "_runtime": 145, "_step": 98, "_wandb": {"runtime": 146}}