{"run_time": 0.27173352241516113, "loss": 0.05625970661640167, "train_acc": 0.8357142857142857, "val_acc": 0.8183823529411764, "test_acc": 0.8152284263959391, "_timestamp": 1653401367, "_runtime": 48, "_step": 98, "_wandb": {"runtime": 49}}