{"run_time": 1.477935552597046, "loss": 0.03244127705693245, "train_acc": 0.9714285714285714, "val_acc": 0.8463235294117647, "test_acc": 0.8243654822335026, "_timestamp": 1653157927, "_runtime": 210, "_step": 98, "_wandb": {"runtime": 212}}