{"run_time": 2.1001317501068115, "loss": 0.0398576445877552, "train_acc": 0.9, "val_acc": 0.8419117647058824, "test_acc": 0.8355329949238579, "_timestamp": 1653170226, "_runtime": 283, "_step": 98, "_wandb": {"runtime": 283}}