{"run_time": 3.6376333236694336, "loss": 2.0570337772369385, "train_acc": 0.6071428571428571, "val_acc": 0.6705882352941176, "test_acc": 0.6639593908629442, "forward_nfe": 52372, "_runtime": 375, "_timestamp": 1648797676, "_step": 98}