{"run_time": 0.1621105670928955, "loss": 0.8977869749069214, "train_acc": 0.9083333333333333, "val_acc": 0.7202898550724638, "test_acc": 0.714516129032258, "_timestamp": 1653402261, "_runtime": 24, "_step": 98, "_wandb": {"runtime": 26}}