{"run_time": 0.3011953830718994, "loss": 1.0018048286437988, "train_acc": 0.775, "val_acc": 0.7731884057971015, "test_acc": 0.7532258064516129, "_timestamp": 1653403853, "_runtime": 43, "_step": 98, "_wandb": {"runtime": 44}}