{"run_time": 0.4172351360321045, "loss": 1.1264342069625854, "train_acc": 0.7666666666666667, "val_acc": 0.7557971014492754, "test_acc": 0.7596774193548387, "_timestamp": 1653407786, "_runtime": 65, "_step": 98, "_wandb": {"runtime": 66}}