{"run_time": 3.4262375831604004, "loss": 0.07530714571475983, "train_acc": 0.9857142857142858, "val_acc": 0.8132352941176471, "test_acc": 0.8507614213197969, "_timestamp": 1653392241, "_runtime": 365, "_step": 98, "_wandb": {"runtime": 365}}