{"run_time": 0.35129475593566895, "loss": 1.1946426630020142, "train_acc": 0.7916666666666666, "val_acc": 0.7579710144927536, "test_acc": 0.7129032258064516, "_timestamp": 1653405756, "_runtime": 53, "_step": 98, "_wandb": {"runtime": 54}}