{"run_time": 2.097766399383545, "loss": 0.046494584530591965, "train_acc": 0.9142857142857143, "val_acc": 0.8470588235294118, "test_acc": 0.817258883248731, "_timestamp": 1653129440, "_runtime": 261, "_step": 98, "_wandb": {"runtime": 262}}