{"run_time": 0.3371741771697998, "loss": 1.191344976425171, "train_acc": 0.7, "val_acc": 0.7557971014492754, "test_acc": 0.7419354838709677, "_timestamp": 1653405371, "_runtime": 51, "_step": 98, "_wandb": {"runtime": 52}}