{"run_time": 0.33025145530700684, "loss": 0.9304187297821045, "train_acc": 0.9166666666666666, "val_acc": 0.7615942028985507, "test_acc": 0.7370967741935484, "_timestamp": 1653404409, "_runtime": 47, "_step": 98, "_wandb": {"runtime": 48}}