{"run_time": 1.1657612323760986, "loss": 0.04222382977604866, "train_acc": 0.9571428571428572, "val_acc": 0.8522058823529411, "test_acc": 0.8162436548223351, "_timestamp": 1653141057, "_runtime": 122, "_step": 98, "_wandb": {"runtime": 123}}