{"run_time": 0.8192646503448486, "loss": 0.06838876754045486, "train_acc": 0.95, "val_acc": 0.8485294117647059, "test_acc": 0.8365482233502538, "_timestamp": 1653380394, "_runtime": 102, "_step": 98, "_wandb": {"runtime": 103}}