{"run_time": 0.2985231876373291, "loss": 0.03212384879589081, "train_acc": 0.95, "val_acc": 0.8647058823529412, "test_acc": 0.8365482233502538, "_timestamp": 1653401769, "_runtime": 46, "_step": 98, "_wandb": {"runtime": 48}}