{"run_time": 0.3288576602935791, "loss": 0.8842305541038513, "train_acc": 0.8416666666666667, "val_acc": 0.7659420289855072, "test_acc": 0.7419354838709677, "_timestamp": 1653404640, "_runtime": 46, "_step": 98, "_wandb": {"runtime": 47}}