{"run_time": 0.34052014350891113, "loss": 1.207944631576538, "train_acc": 0.825, "val_acc": 0.763768115942029, "test_acc": 0.7290322580645161, "_timestamp": 1653405821, "_runtime": 53, "_step": 98, "_wandb": {"runtime": 54}}