{"run_time": 1.2739455699920654, "loss": 0.037425264716148376, "train_acc": 0.9071428571428571, "val_acc": 0.8595588235294118, "test_acc": 0.8294416243654822, "_timestamp": 1653150828, "_runtime": 209, "_step": 98, "_wandb": {"runtime": 210}}