{"run_time": 0.8621673583984375, "loss": 0.07698094844818115, "train_acc": 0.9357142857142857, "val_acc": 0.8352941176470589, "test_acc": 0.8243654822335026, "_timestamp": 1653138665, "_runtime": 86, "_step": 98, "_wandb": {"runtime": 88}}