{"run_time": 2.6090314388275146, "loss": 0.050014376640319824, "train_acc": 0.9428571428571428, "val_acc": 0.8485294117647059, "test_acc": 0.8446700507614213, "_timestamp": 1653396782, "_runtime": 264, "_step": 98, "_wandb": {"runtime": 265}}