{"run_time": 1.7630906105041504, "loss": 0.07184597104787827, "train_acc": 0.9785714285714285, "val_acc": 0.8426470588235294, "test_acc": 0.7949238578680203, "_timestamp": 1653171388, "_runtime": 262, "_step": 98, "_wandb": {"runtime": 263}}