{"run_time": 209.31354355812073, "loss": 0.15832510590553284, "train_acc": 0.9333333333333333, "val_acc": 0.7784722222222222, "test_acc": 0.7720810232200692, "_timestamp": 1653674876, "_runtime": 57749, "_step": 98, "_wandb": {"runtime": 57749}}