{"run_time": 1.831406831741333, "loss": 0.05876006931066513, "train_acc": 0.95, "val_acc": 0.8404411764705882, "test_acc": 0.8406091370558376, "_timestamp": 1653158420, "_runtime": 234, "_step": 98, "_wandb": {"runtime": 236}}