{"run_time": 1.4000401496887207, "loss": 0.023737028241157532, "train_acc": 0.9285714285714286, "val_acc": 0.8397058823529412, "test_acc": 0.8192893401015229, "_timestamp": 1653146520, "_runtime": 160, "_step": 98, "_wandb": {"runtime": 161}}