{"run_time": 0.9128789901733398, "loss": 0.051285531371831894, "train_acc": 1.0, "val_acc": 0.8426470588235294, "test_acc": 0.8375634517766497, "_timestamp": 1653139075, "_runtime": 88, "_step": 98, "_wandb": {"runtime": 88}}