{"run_time": 323.29059171676636, "loss": 0.08181000500917435, "train_acc": 0.9833333333333333, "val_acc": 0.8118055555555556, "test_acc": 0.8050721853214031, "_timestamp": 1653617115, "_runtime": 32259, "_step": 98, "_wandb": {"runtime": 32259}}