{"run_time": 1.3860523700714111, "loss": 0.04938306286931038, "train_acc": 0.9714285714285714, "val_acc": 0.8654411764705883, "test_acc": 0.8690355329949239, "_timestamp": 1653160544, "_runtime": 225, "_step": 98, "_wandb": {"runtime": 226}}