{"run_time": 2.1125848293304443, "loss": 0.2591846287250519, "train_acc": 0.9357142857142857, "val_acc": 0.8389705882352941, "test_acc": 0.8355329949238579, "forward_nfe": 15806, "_runtime": 123, "_timestamp": 1648800689, "_step": 54}