{"run_time": 1.7811279296875, "loss": 0.0582767017185688, "train_acc": 0.8714285714285714, "val_acc": 0.8536764705882353, "test_acc": 0.8568527918781725, "_timestamp": 1653169650, "_runtime": 235, "_step": 98, "_wandb": {"runtime": 236}}