{"run_time": 0.2090315818786621, "loss": 0.9725551605224609, "train_acc": 0.9166666666666666, "val_acc": 0.7485507246376811, "test_acc": 0.7306451612903225, "_timestamp": 1653402619, "_runtime": 33, "_step": 98, "_wandb": {"runtime": 34}}