{"run_time": 1.4303417205810547, "loss": 0.05874182656407356, "train_acc": 0.8857142857142857, "val_acc": 0.8397058823529412, "test_acc": 0.8233502538071066, "_timestamp": 1653153227, "_runtime": 195, "_step": 98, "_wandb": {"runtime": 196}}