{"run_time": 1.389549732208252, "loss": 0.07532894611358643, "train_acc": 0.9785714285714285, "val_acc": 0.850735294117647, "test_acc": 0.867005076142132, "_timestamp": 1653133703, "_runtime": 156, "_step": 98, "_wandb": {"runtime": 157}}