{"run_time": 1.8685107231140137, "loss": 0.04033086821436882, "train_acc": 0.9214285714285714, "val_acc": 0.8463235294117647, "test_acc": 0.8355329949238579, "_timestamp": 1653388114, "_runtime": 207, "_step": 98, "_wandb": {"runtime": 207}}