{"run_time": 0.9628617763519287, "loss": 0.029400216415524483, "train_acc": 0.9428571428571428, "val_acc": 0.8558823529411764, "test_acc": 0.8467005076142132, "_timestamp": 1653140645, "_runtime": 103, "_step": 98, "_wandb": {"runtime": 105}}