{"run_time": 2.186347246170044, "loss": 0.035562340170145035, "train_acc": 0.9071428571428571, "val_acc": 0.8625, "test_acc": 0.849746192893401, "_timestamp": 1653386171, "_runtime": 239, "_step": 98, "_wandb": {"runtime": 240}}