{"run_time": 1.558342456817627, "loss": 0.04117349907755852, "train_acc": 0.9571428571428572, "val_acc": 0.8566176470588235, "test_acc": 0.8314720812182741, "_timestamp": 1653144667, "_runtime": 149, "_step": 98, "_wandb": {"runtime": 150}}