{"run_time": 0.23732233047485352, "loss": 0.9588773250579834, "train_acc": 0.8583333333333333, "val_acc": 0.736231884057971, "test_acc": 0.7209677419354839, "_timestamp": 1653403032, "_runtime": 35, "_step": 98, "_wandb": {"runtime": 36}}