{"run_time": 2.5761282444000244, "loss": 0.062480680644512177, "train_acc": 0.9714285714285714, "val_acc": 0.8051470588235294, "test_acc": 0.8142131979695432, "_timestamp": 1653383909, "_runtime": 236, "_step": 98, "_wandb": {"runtime": 237}}