{"run_time": 3.146291971206665, "loss": 37.717193603515625, "train_acc": 0.15714285714285714, "val_acc": 0.19044117647058822, "test_acc": 0.15228426395939088, "forward_nfe": 4728, "_runtime": 42, "_timestamp": 1648479579, "_step": 10}