{"run_time": 1.2303659915924072, "loss": 0.042896296828985214, "train_acc": 0.9571428571428572, "val_acc": 0.8286764705882353, "test_acc": 0.8436548223350254, "_timestamp": 1653126214, "_runtime": 102, "_step": 98, "_wandb": {"runtime": 103}}