{"run_time": 0.450425386428833, "loss": 0.0365179069340229, "train_acc": 1.0, "val_acc": 0.7972222222222223, "test_acc": 0.8057858044683537, "_timestamp": 1653410213, "_runtime": 222, "_step": 98, "_wandb": {"runtime": 223}}