{"run_time": 2.062674045562744, "loss": 0.0655062273144722, "train_acc": 0.9571428571428572, "val_acc": 0.8610294117647059, "test_acc": 0.8558375634517766, "_timestamp": 1653167625, "_runtime": 243, "_step": 98, "_wandb": {"runtime": 244}}