{"run_time": 0.20281505584716797, "loss": 0.05945991352200508, "train_acc": 0.9166666666666666, "val_acc": 0.7895833333333333, "test_acc": 0.7861338310369436, "_timestamp": 1653408107, "_runtime": 38, "_step": 98, "_wandb": {"runtime": 38}}