{"run_time": 2.3621666431427, "loss": 2.084714651107788, "train_acc": 0.6285714285714286, "val_acc": 0.6095588235294118, "test_acc": 0.6253807106598985, "forward_nfe": 5670, "_runtime": 48, "_timestamp": 1648799710, "_step": 16}