{"run_time": 2260.241231918335, "loss": 0.8304161429405212, "train_acc": 0.8, "val_acc": 0.7361111111111112, "test_acc": 0.7124663775594225, "_timestamp": 1654442620, "_runtime": 17296, "_step": 8, "_wandb": {"runtime": 17298}}