{"run_time": 3.163285493850708, "loss": 0.07053238153457642, "train_acc": 0.8928571428571429, "val_acc": 0.8404411764705882, "test_acc": 0.8406091370558376, "_timestamp": 1653392635, "_runtime": 382, "_step": 98, "_wandb": {"runtime": 383}}