{"run_time": 0.33867549896240234, "loss": 1.0097569227218628, "train_acc": 0.8, "val_acc": 0.7847826086956522, "test_acc": 0.717741935483871, "_timestamp": 1653404760, "_runtime": 47, "_step": 98, "_wandb": {"runtime": 48}}