{"run_time": 2.152090311050415, "loss": 0.07496023178100586, "train_acc": 0.8928571428571429, "val_acc": 0.8375, "test_acc": 0.8365482233502538, "_timestamp": 1653153022, "_runtime": 206, "_step": 98, "_wandb": {"runtime": 207}}