{"run_time": 1.8087246417999268, "loss": 0.08888427913188934, "train_acc": 0.8857142857142857, "val_acc": 0.8492647058823529, "test_acc": 0.8395939086294416, "_timestamp": 1653164366, "_runtime": 257, "_step": 98, "_wandb": {"runtime": 257}}