{"run_time": 0.910761833190918, "loss": 0.04964888468384743, "train_acc": 1.0, "val_acc": 0.8426470588235294, "test_acc": 0.8294416243654822, "_timestamp": 1653138764, "_runtime": 87, "_step": 98, "_wandb": {"runtime": 87}}