{"run_time": 1.2048838138580322, "loss": 0.05348409712314606, "train_acc": 0.9642857142857143, "val_acc": 0.8419117647058824, "test_acc": 0.8446700507614213, "_timestamp": 1653139966, "_runtime": 101, "_step": 98, "_wandb": {"runtime": 102}}