{"run_time": 1.415592908859253, "loss": 0.021527405828237534, "train_acc": 0.9785714285714285, "val_acc": 0.8345588235294118, "test_acc": 0.8538071065989847, "_timestamp": 1653147761, "_runtime": 149, "_step": 98, "_wandb": {"runtime": 150}}