{"run_time": 3.312788486480713, "loss": 15.855037689208984, "train_acc": 0.14285714285714285, "val_acc": 0.18308823529411763, "test_acc": 0.1532994923857868, "forward_nfe": 4652, "_runtime": 42, "_timestamp": 1648647250, "_step": 9}