{"run_time": 2323.282309293747, "loss": 0.3347782790660858, "train_acc": 0.9666666666666667, "val_acc": 0.7694444444444445, "test_acc": 0.7692814404128012, "_timestamp": 1654389561, "_runtime": 37783, "_step": 19, "_wandb": {"runtime": 37785}}