{"run_time": 0.1907787322998047, "loss": 0.8454011678695679, "train_acc": 0.8583333333333333, "val_acc": 0.744927536231884, "test_acc": 0.7435483870967742, "_timestamp": 1653402452, "_runtime": 30, "_step": 98, "_wandb": {"runtime": 31}}