{"run_time": 1.5933971405029297, "loss": 0.0705571100115776, "train_acc": 0.8928571428571429, "val_acc": 0.850735294117647, "test_acc": 0.8304568527918782, "_timestamp": 1653143084, "_runtime": 156, "_step": 98, "_wandb": {"runtime": 158}}