{"run_time": 1.5147302150726318, "loss": 0.07419092208147049, "train_acc": 0.9785714285714285, "val_acc": 0.8360294117647059, "test_acc": 0.8263959390862944, "_timestamp": 1653145489, "_runtime": 163, "_step": 98, "_wandb": {"runtime": 165}}