{"run_time": 3.4115827083587646, "loss": 5.959941864013672, "train_acc": 0.2357142857142857, "val_acc": 0.17058823529411765, "test_acc": 0.1817258883248731, "forward_nfe": 8504, "_runtime": 69, "_timestamp": 1648645077, "_step": 18}