{"run_time": 2.2418856620788574, "loss": 0.07974883168935776, "train_acc": 0.9857142857142858, "val_acc": 0.8441176470588235, "test_acc": 0.8274111675126904, "_timestamp": 1653176302, "_runtime": 279, "_step": 98, "_wandb": {"runtime": 279}}