{"run_time": 1.1443345546722412, "loss": 0.1330275684595108, "train_acc": 0.8666666666666667, "val_acc": 0.8020833333333334, "test_acc": 0.7983751440961739, "_timestamp": 1653412861, "_runtime": 395, "_step": 98, "_wandb": {"runtime": 396}}