{"run_time": 1356.662683725357, "loss": 0.1658811718225479, "train_acc": 0.9666666666666667, "val_acc": 0.7972222222222223, "test_acc": 0.7911840588461327, "_timestamp": 1653833926, "_runtime": 89921, "_step": 98, "_wandb": {"runtime": 89922}}