{"run_time": 0.18628597259521484, "loss": 0.9178856611251831, "train_acc": 0.8666666666666667, "val_acc": 0.7507246376811594, "test_acc": 0.6935483870967742, "_timestamp": 1653402574, "_runtime": 29, "_step": 98, "_wandb": {"runtime": 31}}