{"run_time": 0.4846653938293457, "loss": 0.09745104610919952, "train_acc": 0.9928571428571429, "val_acc": 0.8360294117647059, "test_acc": 0.8395939086294416, "_timestamp": 1653137895, "_runtime": 69, "_step": 98, "_wandb": {"runtime": 69}}