{"run_time": 4.212187767028809, "loss": 5.048762321472168, "train_acc": 0.15714285714285714, "val_acc": 0.14705882352941177, "test_acc": 0.13604060913705585, "forward_nfe": 654, "_runtime": 13, "_timestamp": 1648645633, "_step": 1}