{"run_time": 1.7845492362976074, "loss": 0.10577856004238129, "train_acc": 0.9, "val_acc": 0.8573529411764705, "test_acc": 0.8517766497461929, "_timestamp": 1653160803, "_runtime": 248, "_step": 98, "_wandb": {"runtime": 248}}