{"run_time": 0.6991686820983887, "loss": 0.06281927973031998, "train_acc": 0.9714285714285714, "val_acc": 0.8323529411764706, "test_acc": 0.8436548223350254, "_timestamp": 1653380121, "_runtime": 90, "_step": 82, "_wandb": {"runtime": 91}}