{"run_time": 0.2872011661529541, "loss": 0.059554699808359146, "train_acc": 0.9428571428571428, "val_acc": 0.8477941176470588, "test_acc": 0.8527918781725888, "_timestamp": 1653402014, "_runtime": 49, "_step": 98, "_wandb": {"runtime": 50}}