{"run_time": 0.35872507095336914, "loss": 0.06126495823264122, "train_acc": 0.9833333333333333, "val_acc": 0.775, "test_acc": 0.7800406213975957, "_timestamp": 1653409439, "_runtime": 111, "_step": 98, "_wandb": {"runtime": 113}}