{"run_time": 1.355576753616333, "loss": 0.07982302457094193, "train_acc": 0.9714285714285714, "val_acc": 0.8316176470588236, "test_acc": 0.8182741116751269, "_timestamp": 1653147415, "_runtime": 160, "_step": 98, "_wandb": {"runtime": 161}}