{"run_time": 1.0327634811401367, "loss": 0.018204741179943085, "train_acc": 0.9928571428571429, "val_acc": 0.8426470588235294, "test_acc": 0.8274111675126904, "_timestamp": 1653139853, "_runtime": 103, "_step": 98, "_wandb": {"runtime": 104}}