{"run_time": 1.7084510326385498, "loss": 0.055675409734249115, "train_acc": 0.9285714285714286, "val_acc": 0.8757352941176471, "test_acc": 0.8527918781725888, "_timestamp": 1653143702, "_runtime": 161, "_step": 98, "_wandb": {"runtime": 163}}