{"run_time": 0.39873814582824707, "loss": 0.04498183727264404, "train_acc": 0.95, "val_acc": 0.7909722222222222, "test_acc": 0.8030411154416205, "_timestamp": 1653409979, "_runtime": 199, "_step": 98, "_wandb": {"runtime": 199}}