{"run_time": 0.883465051651001, "loss": 0.0699959397315979, "train_acc": 0.9642857142857143, "val_acc": 0.8411764705882353, "test_acc": 0.8324873096446701, "_timestamp": 1653380846, "_runtime": 108, "_step": 98, "_wandb": {"runtime": 108}}