{"run_time": 1.8347012996673584, "loss": 0.08624907582998276, "train_acc": 0.8785714285714286, "val_acc": 0.8308823529411765, "test_acc": 0.8345177664974619, "_timestamp": 1653150406, "_runtime": 181, "_step": 98, "_wandb": {"runtime": 183}}