{"run_time": 0.34131884574890137, "loss": 1.2132830619812012, "train_acc": 0.8583333333333333, "val_acc": 0.7514492753623189, "test_acc": 0.7354838709677419, "_timestamp": 1653405435, "_runtime": 52, "_step": 98, "_wandb": {"runtime": 53}}