{"run_time": 1.5613033771514893, "loss": 0.0315076969563961, "train_acc": 0.9357142857142857, "val_acc": 0.8580882352941176, "test_acc": 0.8355329949238579, "_timestamp": 1653149829, "_runtime": 179, "_step": 98, "_wandb": {"runtime": 180}}