{"run_time": 0.37271976470947266, "loss": 0.031164510175585747, "train_acc": 0.9928571428571429, "val_acc": 0.8360294117647059, "test_acc": 0.8314720812182741, "_timestamp": 1653385157, "_runtime": 50, "_step": 98, "_wandb": {"runtime": 51}}