{"run_time": 0.24483036994934082, "loss": 0.9603562951087952, "train_acc": 0.8166666666666667, "val_acc": 0.7702898550724637, "test_acc": 0.7419354838709677, "_timestamp": 1653402844, "_runtime": 36, "_step": 98, "_wandb": {"runtime": 37}}