{"run_time": 1.7295398712158203, "loss": 0.0560884103178978, "train_acc": 0.9428571428571428, "val_acc": 0.8338235294117647, "test_acc": 0.8203045685279188, "_timestamp": 1653160075, "_runtime": 233, "_step": 98, "_wandb": {"runtime": 234}}