{"run_time": 1.5911369323730469, "loss": 0.06252799183130264, "train_acc": 0.9785714285714285, "val_acc": 0.861764705882353, "test_acc": 0.8263959390862944, "_timestamp": 1653161806, "_runtime": 235, "_step": 98, "_wandb": {"runtime": 235}}