{"run_time": 0.6951613426208496, "loss": 0.046687666326761246, "train_acc": 0.9833333333333333, "val_acc": 0.7930555555555555, "test_acc": 0.7999670637316793, "_timestamp": 1653411394, "_runtime": 356, "_step": 98, "_wandb": {"runtime": 357}}