{"run_time": 1.380587100982666, "loss": 0.04060664400458336, "train_acc": 0.9785714285714285, "val_acc": 0.8455882352941176, "test_acc": 0.8507614213197969, "_timestamp": 1653385096, "_runtime": 188, "_step": 98, "_wandb": {"runtime": 189}}