{"run_time": 2.9688477516174316, "loss": 12.968722343444824, "train_acc": 0.12142857142857143, "val_acc": 0.2595588235294118, "test_acc": 0.23248730964467004, "forward_nfe": 14926, "_runtime": 117, "_timestamp": 1648647017, "_step": 35}