{"run_time": 1.1945555210113525, "loss": 0.04936378821730614, "train_acc": 0.9214285714285714, "val_acc": 0.8132352941176471, "test_acc": 0.8253807106598985, "_timestamp": 1653381424, "_runtime": 134, "_step": 98, "_wandb": {"runtime": 135}}