{"run_time": 1.8999500274658203, "loss": 0.09791051596403122, "train_acc": 0.9142857142857143, "val_acc": 0.8514705882352941, "test_acc": 0.8395939086294416, "_timestamp": 1653166277, "_runtime": 248, "_step": 98, "_wandb": {"runtime": 249}}