{"run_time": 0.4194927215576172, "loss": 0.029864750802516937, "train_acc": 0.9666666666666667, "val_acc": 0.8159722222222222, "test_acc": 0.8036449470275018, "_timestamp": 1653410431, "_runtime": 206, "_step": 98, "_wandb": {"runtime": 207}}