{"run_time": 0.8581616878509521, "loss": 0.04078247770667076, "train_acc": 0.9214285714285714, "val_acc": 0.8492647058823529, "test_acc": 0.8284263959390863, "_timestamp": 1653391534, "_runtime": 66, "_step": 98, "_wandb": {"runtime": 66}}