{"run_time": 1.5696966648101807, "loss": 0.06886319071054459, "train_acc": 0.9285714285714286, "val_acc": 0.8448529411764706, "test_acc": 0.8436548223350254, "_timestamp": 1653144024, "_runtime": 152, "_step": 98, "_wandb": {"runtime": 154}}