{"run_time": 0.22333502769470215, "loss": 0.08406296372413635, "train_acc": 1.0, "val_acc": 0.7993055555555556, "test_acc": 0.7878355382335182, "_timestamp": 1653408205, "_runtime": 38, "_step": 98, "_wandb": {"runtime": 39}}