{"run_time": 0.2715435028076172, "loss": 0.9785017371177673, "train_acc": 0.7416666666666667, "val_acc": 0.755072463768116, "test_acc": 0.75, "_timestamp": 1653403481, "_runtime": 39, "_step": 98, "_wandb": {"runtime": 41}}