{"run_time": 1.2333183288574219, "loss": 0.022373171523213387, "train_acc": 0.9, "val_acc": 0.8448529411764706, "test_acc": 0.8365482233502538, "_timestamp": 1653133911, "_runtime": 160, "_step": 98, "_wandb": {"runtime": 160}}