{"run_time": 0.3304429054260254, "loss": 1.0804554224014282, "train_acc": 0.7583333333333333, "val_acc": 0.7427536231884058, "test_acc": 0.7548387096774194, "_timestamp": 1653404820, "_runtime": 49, "_step": 98, "_wandb": {"runtime": 49}}