{"run_time": 1.3303697109222412, "loss": 0.4982081949710846, "train_acc": 1.0, "val_acc": 0.7566176470588235, "test_acc": 0.7715736040609137, "_timestamp": 1653378595, "_runtime": 18, "_step": 5, "_wandb": {"runtime": 19}}