{"run_time": 2.1585161685943604, "loss": 4.162937164306641, "train_acc": 0.14285714285714285, "val_acc": 0.15441176470588236, "test_acc": 0.15126903553299492, "forward_nfe": 23106, "_runtime": 181, "_timestamp": 1648646671, "_step": 79}