{"run_time": 0.2124497890472412, "loss": 0.9655011296272278, "train_acc": 0.925, "val_acc": 0.7630434782608696, "test_acc": 0.7290322580645161, "_timestamp": 1653402708, "_runtime": 33, "_step": 98, "_wandb": {"runtime": 33}}