{"run_time": 2.5203752517700195, "loss": 0.05000225082039833, "train_acc": 0.8714285714285714, "val_acc": 0.825735294117647, "test_acc": 0.8426395939086294, "_timestamp": 1653400942, "_runtime": 355, "_step": 98, "_wandb": {"runtime": 356}}