{"run_time": 1.2027919292449951, "loss": 1.0341682434082031, "train_acc": 0.9166666666666666, "val_acc": 0.7369565217391304, "test_acc": 0.7241935483870968, "_timestamp": 1653378951, "_runtime": 137, "_step": 90, "_wandb": {"runtime": 138}}