{"run_time": 2.3064589500427246, "loss": 0.06729207187891006, "train_acc": 0.9071428571428571, "val_acc": 0.8286764705882353, "test_acc": 0.8050761421319796, "_timestamp": 1653169105, "_runtime": 303, "_step": 98, "_wandb": {"runtime": 303}}