{"run_time": 0.7375030517578125, "loss": 0.06202161684632301, "train_acc": 0.95, "val_acc": 0.8323529411764706, "test_acc": 0.849746192893401, "_timestamp": 1653139385, "_runtime": 94, "_step": 98, "_wandb": {"runtime": 94}}