{"run_time": 3464.870313644409, "loss": 0.314287930727005, "train_acc": 0.95, "val_acc": 0.8034722222222223, "test_acc": 0.7882746884777955, "_timestamp": 1654736947, "_runtime": 198047, "_step": 98, "_wandb": {"runtime": 198047}}