{"run_time": 0.3927290439605713, "loss": 1.190550446510315, "train_acc": 0.7333333333333333, "val_acc": 0.7543478260869565, "test_acc": 0.7483870967741936, "_timestamp": 1653407487, "_runtime": 60, "_step": 98, "_wandb": {"runtime": 61}}