{"run_time": 0.3169064521789551, "loss": 1.0362346172332764, "train_acc": 0.775, "val_acc": 0.7702898550724637, "test_acc": 0.7290322580645161, "_timestamp": 1653404294, "_runtime": 44, "_step": 98, "_wandb": {"runtime": 46}}