{"run_time": 2.8792479038238525, "loss": 0.03351341560482979, "train_acc": 0.8357142857142857, "val_acc": 0.85, "test_acc": 0.8527918781725888, "_timestamp": 1653393426, "_runtime": 366, "_step": 98, "_wandb": {"runtime": 367}}