{"run_time": 0.9964399337768555, "loss": 1.1148548126220703, "train_acc": 0.9785714285714285, "val_acc": 0.7058823529411765, "test_acc": 0.6994923857868021, "_timestamp": 1653378732, "_runtime": 15, "_step": 3, "_wandb": {"runtime": 17}}