{"run_time": 1.4988782405853271, "loss": 0.07023940235376358, "train_acc": 0.8785714285714286, "val_acc": 0.8654411764705883, "test_acc": 0.8548223350253807, "_timestamp": 1653152007, "_runtime": 186, "_step": 98, "_wandb": {"runtime": 187}}