{"run_time": 0.5147194862365723, "loss": 0.07000979781150818, "train_acc": 0.9666666666666667, "val_acc": 0.8145833333333333, "test_acc": 0.8024372838557391, "_timestamp": 1653410643, "_runtime": 200, "_step": 98, "_wandb": {"runtime": 201}}