{"run_time": 0.4166712760925293, "loss": 0.03859589993953705, "train_acc": 1.0, "val_acc": 0.8034722222222223, "test_acc": 0.7951364110446286, "_timestamp": 1653409046, "_runtime": 129, "_step": 98, "_wandb": {"runtime": 130}}