{"run_time": 2.0948596000671387, "loss": 0.04649114981293678, "train_acc": 0.9357142857142857, "val_acc": 0.8316176470588236, "test_acc": 0.8263959390862944, "_timestamp": 1653134627, "_runtime": 158, "_step": 98, "_wandb": {"runtime": 159}}