{"run_time": 1.5812957286834717, "loss": 0.05231309309601784, "train_acc": 0.95, "val_acc": 0.8389705882352941, "test_acc": 0.8233502538071066, "_timestamp": 1653127874, "_runtime": 205, "_step": 98, "_wandb": {"runtime": 205}}