{"run_time": 0.37322449684143066, "loss": 1.21658194065094, "train_acc": 0.75, "val_acc": 0.7420289855072464, "test_acc": 0.7645161290322581, "_timestamp": 1653406358, "_runtime": 57, "_step": 98, "_wandb": {"runtime": 57}}