{"run_time": 1.5554678440093994, "loss": 0.021765897050499916, "train_acc": 0.9642857142857143, "val_acc": 0.8147058823529412, "test_acc": 0.8395939086294416, "_timestamp": 1653166542, "_runtime": 254, "_step": 98, "_wandb": {"runtime": 254}}