{"run_time": 1.4069347381591797, "loss": 0.033334970474243164, "train_acc": 0.9357142857142857, "val_acc": 0.8433823529411765, "test_acc": 0.849746192893401, "_timestamp": 1653134954, "_runtime": 151, "_step": 98, "_wandb": {"runtime": 151}}