{"run_time": 0.7679541110992432, "loss": 0.08705350756645203, "train_acc": 0.9928571428571429, "val_acc": 0.8397058823529412, "test_acc": 0.8192893401015229, "_timestamp": 1653388352, "_runtime": 85, "_step": 98, "_wandb": {"runtime": 86}}