{"run_time": 0.35546040534973145, "loss": 1.0368479490280151, "train_acc": 0.725, "val_acc": 0.7644927536231884, "test_acc": 0.7209677419354839, "_timestamp": 1653406154, "_runtime": 55, "_step": 98, "_wandb": {"runtime": 56}}