{"run_time": 2.7792577743530273, "loss": 0.03704700618982315, "train_acc": 0.95, "val_acc": 0.8183823529411764, "test_acc": 0.8324873096446701, "_timestamp": 1653171114, "_runtime": 287, "_step": 98, "_wandb": {"runtime": 288}}