{"run_time": 1.6150002479553223, "loss": 0.039083462208509445, "train_acc": 0.9, "val_acc": 0.8492647058823529, "test_acc": 0.8385786802030457, "_timestamp": 1653159589, "_runtime": 225, "_step": 98, "_wandb": {"runtime": 226}}