{"run_time": 0.3421967029571533, "loss": 1.1317269802093506, "train_acc": 0.7583333333333333, "val_acc": 0.755072463768116, "test_acc": 0.7419354838709677, "_timestamp": 1653405183, "_runtime": 50, "_step": 98, "_wandb": {"runtime": 51}}