{"run_time": 1.9047091007232666, "loss": 0.09497110545635223, "train_acc": 0.85, "val_acc": 0.8404411764705882, "test_acc": 0.7949238578680203, "_timestamp": 1653173071, "_runtime": 284, "_step": 98, "_wandb": {"runtime": 285}}