{"run_time": 2.2409517765045166, "loss": 0.02497905120253563, "train_acc": 0.9571428571428572, "val_acc": 0.8352941176470589, "test_acc": 0.8253807106598985, "_timestamp": 1653165220, "_runtime": 300, "_step": 98, "_wandb": {"runtime": 301}}