{"run_time": 1.5474441051483154, "loss": 0.03100424073636532, "train_acc": 0.9357142857142857, "val_acc": 0.8455882352941176, "test_acc": 0.8345177664974619, "_timestamp": 1653163838, "_runtime": 210, "_step": 98, "_wandb": {"runtime": 211}}