{"run_time": 2.9239518642425537, "loss": 0.031180623918771744, "train_acc": 0.9357142857142857, "val_acc": 0.8470588235294118, "test_acc": 0.8527918781725888, "_timestamp": 1653393048, "_runtime": 402, "_step": 98, "_wandb": {"runtime": 403}}