{"run_time": 2.785153865814209, "loss": 0.03940919041633606, "train_acc": 0.9714285714285714, "val_acc": 0.8426470588235294, "test_acc": 0.8243654822335026, "_timestamp": 1653387337, "_runtime": 309, "_step": 98, "_wandb": {"runtime": 310}}