{"run_time": 0.3051178455352783, "loss": 1.1318471431732178, "train_acc": 0.825, "val_acc": 0.7644927536231884, "test_acc": 0.7419354838709677, "_timestamp": 1653404124, "_runtime": 43, "_step": 98, "_wandb": {"runtime": 44}}