{"run_time": 1613.9736862182617, "loss": 0.30796051025390625, "train_acc": 0.9333333333333333, "val_acc": 0.8013888888888889, "test_acc": 0.7951913048251633, "_timestamp": 1655362845, "_runtime": 178144, "_step": 97}