{"run_time": 1.6858608722686768, "loss": 0.08096293359994888, "train_acc": 0.8785714285714286, "val_acc": 0.8602941176470589, "test_acc": 0.8629441624365483, "_timestamp": 1653149448, "_runtime": 232, "_step": 98, "_wandb": {"runtime": 233}}