{"run_time": 1.7625007629394531, "loss": 0.04296877980232239, "train_acc": 0.9428571428571428, "val_acc": 0.8470588235294118, "test_acc": 0.8639593908629442, "_timestamp": 1653142015, "_runtime": 127, "_step": 98, "_wandb": {"runtime": 128}}