{"run_time": 3.6748769283294678, "loss": 36.590248107910156, "train_acc": 0.16428571428571428, "val_acc": 0.20073529411764707, "test_acc": 0.19593908629441625, "forward_nfe": 25588, "_runtime": 194, "_timestamp": 1648480042, "_step": 53}