{"run_time": 1.8384332656860352, "loss": 0.056792546063661575, "train_acc": 0.9857142857142858, "val_acc": 0.836764705882353, "test_acc": 0.8263959390862944, "_timestamp": 1653161560, "_runtime": 240, "_step": 98, "_wandb": {"runtime": 241}}