{"run_time": 0.2969517707824707, "loss": 0.08694987744092941, "train_acc": 0.9, "val_acc": 0.8308823529411765, "test_acc": 0.8152284263959391, "_timestamp": 1653401953, "_runtime": 50, "_step": 98, "_wandb": {"runtime": 51}}