{"run_time": 1.737511157989502, "loss": 0.03627479076385498, "train_acc": 0.9714285714285714, "val_acc": 0.8455882352941176, "test_acc": 0.8375634517766497, "_timestamp": 1653382104, "_runtime": 116, "_step": 98, "_wandb": {"runtime": 116}}