{"run_time": 1.5810174942016602, "loss": 0.020843135192990303, "train_acc": 0.8714285714285714, "val_acc": 0.8279411764705882, "test_acc": 0.8385786802030457, "_timestamp": 1653172776, "_runtime": 268, "_step": 98, "_wandb": {"runtime": 269}}