{"run_time": 2.0883002281188965, "loss": 0.09405452013015747, "train_acc": 0.9357142857142857, "val_acc": 0.8352941176470589, "test_acc": 0.8182741116751269, "_timestamp": 1653391209, "_runtime": 256, "_step": 98, "_wandb": {"runtime": 257}}