{"run_time": 1.3211276531219482, "loss": 0.03535615652799606, "train_acc": 0.9214285714285714, "val_acc": 0.8426470588235294, "test_acc": 0.8385786802030457, "_timestamp": 1653150213, "_runtime": 183, "_step": 98, "_wandb": {"runtime": 183}}