{"run_time": 0.42668652534484863, "loss": 0.14247435331344604, "train_acc": 0.9666666666666667, "val_acc": 0.8145833333333333, "test_acc": 0.8089696437393643, "_timestamp": 1653409316, "_runtime": 126, "_step": 98, "_wandb": {"runtime": 127}}