{"run_time": 0.39104676246643066, "loss": 1.1702497005462646, "train_acc": 0.825, "val_acc": 0.7463768115942029, "test_acc": 0.7338709677419355, "_timestamp": 1653406912, "_runtime": 59, "_step": 98, "_wandb": {"runtime": 60}}