{"run_time": 2.0358548164367676, "loss": 0.09996505826711655, "train_acc": 0.9071428571428571, "val_acc": 0.8382352941176471, "test_acc": 0.8263959390862944, "_timestamp": 1653169931, "_runtime": 268, "_step": 98, "_wandb": {"runtime": 269}}