{"run_time": 1.7798867225646973, "loss": 0.07747944444417953, "train_acc": 0.9214285714285714, "val_acc": 0.8419117647058824, "test_acc": 0.8314720812182741, "_timestamp": 1653161308, "_runtime": 243, "_step": 98, "_wandb": {"runtime": 244}}