{"run_time": 1.7600653171539307, "loss": 0.20530962944030762, "train_acc": 0.9833333333333333, "val_acc": 0.7645833333333333, "test_acc": 0.7447439205138058, "_timestamp": 1653379075, "_runtime": 66, "_step": 22, "_wandb": {"runtime": 68}}