{"run_time": 0.33449697494506836, "loss": 1.0617386102676392, "train_acc": 0.7333333333333333, "val_acc": 0.7659420289855072, "test_acc": 0.7370967741935484, "_timestamp": 1653405002, "_runtime": 50, "_step": 98, "_wandb": {"runtime": 51}}