{"run_time": 1.0850822925567627, "loss": 0.033466048538684845, "train_acc": 0.9857142857142858, "val_acc": 0.8588235294117647, "test_acc": 0.8568527918781725, "_timestamp": 1653381874, "_runtime": 89, "_step": 98, "_wandb": {"runtime": 90}}