{"run_time": 1.342022180557251, "loss": 0.04348684102296829, "train_acc": 0.9571428571428572, "val_acc": 0.8544117647058823, "test_acc": 0.8263959390862944, "_timestamp": 1653146169, "_runtime": 150, "_step": 98, "_wandb": {"runtime": 150}}