{"run_time": 1.3582346439361572, "loss": 0.5172550082206726, "train_acc": 0.9375, "val_acc": 0.8694029850746269, "test_acc": 0.8854184065475196, "_timestamp": 1653380200, "_runtime": 47, "_step": 18}