{"run_time": 0.4119913578033447, "loss": 1.2107561826705933, "train_acc": 0.7666666666666667, "val_acc": 0.7326086956521739, "test_acc": 0.75, "_timestamp": 1653408011, "_runtime": 64, "_step": 98, "_wandb": {"runtime": 65}}