{"run_time": 1.6968011856079102, "loss": 0.06573870033025742, "train_acc": 0.9214285714285714, "val_acc": 0.8455882352941176, "test_acc": 0.8406091370558376, "_timestamp": 1653156968, "_runtime": 219, "_step": 98, "_wandb": {"runtime": 220}}