{"run_time": 0.522496223449707, "loss": 0.05014883354306221, "train_acc": 0.8642857142857143, "val_acc": 0.8419117647058824, "test_acc": 0.8284263959390863, "_timestamp": 1653147600, "_runtime": 173, "_step": 98, "_wandb": {"runtime": 175}}