{"run_time": 2.44472074508667, "loss": 0.04955296218395233, "train_acc": 0.9357142857142857, "val_acc": 0.8397058823529412, "test_acc": 0.8446700507614213, "_timestamp": 1653383035, "_runtime": 189, "_step": 98, "_wandb": {"runtime": 190}}