{"run_time": 1.4084069728851318, "loss": 0.056366611272096634, "train_acc": 1.0, "val_acc": 0.8580882352941176, "test_acc": 0.8274111675126904, "_timestamp": 1653148115, "_runtime": 161, "_step": 98, "_wandb": {"runtime": 162}}