{"run_time": 2.082829713821411, "loss": 0.08165587484836578, "train_acc": 0.9928571428571429, "val_acc": 0.8389705882352941, "test_acc": 0.8406091370558376, "_timestamp": 1653149638, "_runtime": 178, "_step": 98, "_wandb": {"runtime": 180}}