{"run_time": 0.3835306167602539, "loss": 0.07359649986028671, "train_acc": 1.0, "val_acc": 0.8090277777777778, "test_acc": 0.8042487786133831, "_timestamp": 1653409563, "_runtime": 112, "_step": 98, "_wandb": {"runtime": 113}}