{"run_time": 1.656625747680664, "loss": 0.06594444066286087, "train_acc": 0.9928571428571429, "val_acc": 0.8514705882352941, "test_acc": 0.8416243654822335, "_timestamp": 1653389228, "_runtime": 261, "_step": 98, "_wandb": {"runtime": 261}}