{"run_time": 1.6237359046936035, "loss": 0.03153087571263313, "train_acc": 0.9714285714285714, "val_acc": 0.8441176470588235, "test_acc": 0.8609137055837564, "_timestamp": 1653156269, "_runtime": 197, "_step": 98, "_wandb": {"runtime": 198}}