{"run_time": 0.7205054759979248, "loss": 0.09356316924095154, "train_acc": 0.9857142857142858, "val_acc": 0.7191176470588235, "test_acc": 0.7390862944162436, "_timestamp": 1653377467, "_runtime": 28, "_step": 21, "_wandb": {"runtime": 28}}