{"run_time": 15.234557628631592, "loss": 0.04375939816236496, "train_acc": 1.0, "val_acc": 0.8159722222222222, "test_acc": 0.8134709337432069, "_timestamp": 1653421102, "_runtime": 1647, "_step": 98, "_wandb": {"runtime": 1648}}