{"run_time": 1.775512933731079, "loss": 0.05037453770637512, "train_acc": 0.9857142857142858, "val_acc": 0.8161764705882353, "test_acc": 0.8507614213197969, "_timestamp": 1653382278, "_runtime": 163, "_step": 98, "_wandb": {"runtime": 164}}