{"run_time": 1.3399262428283691, "loss": 0.03212697431445122, "train_acc": 0.9785714285714285, "val_acc": 0.8551470588235294, "test_acc": 0.833502538071066, "_timestamp": 1653144506, "_runtime": 153, "_step": 98, "_wandb": {"runtime": 154}}