{"run_time": 4.680384874343872, "loss": 0.11985929310321808, "train_acc": 0.8833333333333333, "val_acc": 0.8118055555555556, "test_acc": 0.7844870176209036, "_timestamp": 1653412454, "_runtime": 619, "_step": 81, "_wandb": {"runtime": 620}}