{"run_time": 1.1740822792053223, "loss": 0.05577889084815979, "train_acc": 0.9928571428571429, "val_acc": 0.8610294117647059, "test_acc": 0.8355329949238579, "_timestamp": 1653139736, "_runtime": 117, "_step": 98, "_wandb": {"runtime": 118}}