{"run_time": 1.8288335800170898, "loss": 0.05639385059475899, "train_acc": 0.8928571428571429, "val_acc": 0.8404411764705882, "test_acc": 0.8375634517766497, "_timestamp": 1653154494, "_runtime": 195, "_step": 98, "_wandb": {"runtime": 196}}