{"run_time": 0.6729416847229004, "loss": 0.08128169924020767, "train_acc": 0.9857142857142858, "val_acc": 0.8330882352941177, "test_acc": 0.8040609137055837, "_timestamp": 1653158885, "_runtime": 214, "_step": 98, "_wandb": {"runtime": 215}}