{"run_time": 1.404388189315796, "loss": 0.03510922193527222, "train_acc": 0.9642857142857143, "val_acc": 0.8426470588235294, "test_acc": 0.8446700507614213, "_timestamp": 1653142610, "_runtime": 133, "_step": 98, "_wandb": {"runtime": 133}}