{"run_time": 0.6743783950805664, "loss": 0.04473422095179558, "train_acc": 0.9714285714285714, "val_acc": 0.8294117647058824, "test_acc": 0.8223350253807107, "_timestamp": 1653138463, "_runtime": 69, "_step": 98, "_wandb": {"runtime": 70}}