{"run_time": 0.4077894687652588, "loss": 0.041577357798814774, "train_acc": 0.9833333333333333, "val_acc": 0.7736111111111111, "test_acc": 0.765219300653236, "_timestamp": 1653409769, "_runtime": 195, "_step": 98, "_wandb": {"runtime": 196}}