{"run_time": 0.8208866119384766, "loss": 0.06650856137275696, "train_acc": 0.8857142857142857, "val_acc": 0.8595588235294118, "test_acc": 0.8467005076142132, "_timestamp": 1653163103, "_runtime": 239, "_step": 98, "_wandb": {"runtime": 241}}