{"run_time": 0.37760448455810547, "loss": 1.2037595510482788, "train_acc": 0.8, "val_acc": 0.7471014492753624, "test_acc": 0.7596774193548387, "_timestamp": 1653406633, "_runtime": 58, "_step": 98, "_wandb": {"runtime": 60}}