{"run_time": 0.40512657165527344, "loss": 1.2798806428909302, "train_acc": 0.6916666666666667, "val_acc": 0.7485507246376811, "test_acc": 0.7354838709677419, "_timestamp": 1653407633, "_runtime": 62, "_step": 98, "_wandb": {"runtime": 64}}