{"run_time": 1.5169074535369873, "loss": 1.4358711242675781, "train_acc": 0.6142857142857143, "val_acc": 0.6654411764705882, "test_acc": 0.6446700507614214, "forward_nfe": 19000, "_runtime": 159, "_timestamp": 1648798092, "_step": 98}