{"run_time": 0.4101221561431885, "loss": 1.205432653427124, "train_acc": 0.7916666666666666, "val_acc": 0.7572463768115942, "test_acc": 0.7467741935483871, "_timestamp": 1653407861, "_runtime": 64, "_step": 98, "_wandb": {"runtime": 65}}