{"run_time": 1.4685757160186768, "loss": 0.15564684569835663, "train_acc": 0.8642857142857143, "val_acc": 0.8463235294117647, "test_acc": 0.8527918781725888, "_timestamp": 1653146694, "_runtime": 162, "_step": 98, "_wandb": {"runtime": 163}}