{"run_time": 0.40543150901794434, "loss": 1.299088954925537, "train_acc": 0.8583333333333333, "val_acc": 0.7666666666666667, "test_acc": 0.7419354838709677, "_timestamp": 1653406983, "_runtime": 60, "_step": 98, "_wandb": {"runtime": 61}}