{"run_time": 1.6648001670837402, "loss": 0.036564528942108154, "train_acc": 0.9785714285714285, "val_acc": 0.8551470588235294, "test_acc": 0.8345177664974619, "_timestamp": 1653144185, "_runtime": 149, "_step": 98, "_wandb": {"runtime": 150}}