{"run_time": 1.5021448135375977, "loss": 0.04435713589191437, "train_acc": 0.9071428571428571, "val_acc": 0.8558823529411764, "test_acc": 0.8406091370558376, "_timestamp": 1653146874, "_runtime": 169, "_step": 98, "_wandb": {"runtime": 170}}