{"run_time": 1171.1331746578217, "loss": 0.26755020022392273, "train_acc": 0.8833333333333333, "val_acc": 0.8173611111111111, "test_acc": 0.7946972608003513, "_timestamp": 1654207795, "_runtime": 97072, "_step": 98, "_wandb": {"runtime": 97072}}