{"run_time": 0.19275283813476562, "loss": 0.07050134986639023, "train_acc": 1.0, "val_acc": 0.7229166666666667, "test_acc": 0.7348081462370314, "_timestamp": 1653408057, "_runtime": 35, "_step": 98, "_wandb": {"runtime": 36}}