{"run_time": 0.2740452289581299, "loss": 0.06488137692213058, "train_acc": 0.95, "val_acc": 0.8514705882352941, "test_acc": 0.8304568527918782, "_timestamp": 1653401829, "_runtime": 48, "_step": 98, "_wandb": {"runtime": 49}}