{"run_time": 214.17186498641968, "loss": 0.07526148855686188, "train_acc": 0.9333333333333333, "val_acc": 0.8048611111111111, "test_acc": 0.8007904704396992, "_timestamp": 1653452364, "_runtime": 21915, "_step": 98, "_wandb": {"runtime": 21915}}