{"run_time": 1.5000691413879395, "loss": 0.06522359699010849, "train_acc": 0.9714285714285714, "val_acc": 0.8632352941176471, "test_acc": 0.8436548223350254, "_timestamp": 1653168791, "_runtime": 273, "_step": 98, "_wandb": {"runtime": 274}}