{"run_time": 1.6537792682647705, "loss": 0.24365809559822083, "train_acc": 0.9357142857142857, "val_acc": 0.8360294117647059, "test_acc": 0.833502538071066, "_timestamp": 1653137481, "_runtime": 45, "_step": 17}