{"run_time": 0.29768824577331543, "loss": 0.08084853738546371, "train_acc": 0.9785714285714285, "val_acc": 0.8522058823529411, "test_acc": 0.8385786802030457, "_timestamp": 1653402072, "_runtime": 46, "_step": 98, "_wandb": {"runtime": 48}}