{"run_time": 0.9111671447753906, "loss": 0.04390399530529976, "train_acc": 0.9857142857142858, "val_acc": 0.8426470588235294, "test_acc": 0.8284263959390863, "_timestamp": 1653126100, "_runtime": 94, "_step": 98, "_wandb": {"runtime": 95}}