{"run_time": 1.231870412826538, "loss": 0.0347214937210083, "train_acc": 0.9928571428571429, "val_acc": 0.8514705882352941, "test_acc": 0.8527918781725888, "_timestamp": 1653144341, "_runtime": 144, "_step": 98, "_wandb": {"runtime": 145}}