{"run_time": 3.847116470336914, "loss": 0.8033163547515869, "train_acc": 0.8928571428571429, "val_acc": 0.8183823529411764, "test_acc": 0.8030456852791878, "_runtime": 34, "_timestamp": 1651913783, "_step": 4}