{"run_time": 0.33513927459716797, "loss": 0.046942707151174545, "train_acc": 0.9666666666666667, "val_acc": 0.7895833333333333, "test_acc": 0.7837185046934182, "_timestamp": 1653408757, "_runtime": 58, "_step": 87, "_wandb": {"runtime": 59}}