{"run_time": 0.38384103775024414, "loss": 1.061738133430481, "train_acc": 0.7666666666666667, "val_acc": 0.7594202898550725, "test_acc": 0.7580645161290323, "_timestamp": 1653406427, "_runtime": 57, "_step": 98, "_wandb": {"runtime": 58}}