{"run_time": 1.8732967376708984, "loss": 0.043393827974796295, "train_acc": 0.8857142857142857, "val_acc": 0.8639705882352942, "test_acc": 0.8426395939086294, "_timestamp": 1653148302, "_runtime": 175, "_step": 98, "_wandb": {"runtime": 177}}