{"run_time": 0.24489688873291016, "loss": 0.8228687047958374, "train_acc": 0.8833333333333333, "val_acc": 0.7673913043478261, "test_acc": 0.7451612903225806, "_timestamp": 1653402985, "_runtime": 36, "_step": 98, "_wandb": {"runtime": 36}}