{"run_time": 2.4584217071533203, "loss": 0.029808973893523216, "train_acc": 0.85, "val_acc": 0.8242647058823529, "test_acc": 0.8152284263959391, "_timestamp": 1653397356, "_runtime": 280, "_step": 98, "_wandb": {"runtime": 281}}