{"run_time": 0.25023579597473145, "loss": 0.8895508646965027, "train_acc": 0.9166666666666666, "val_acc": 0.7579710144927536, "test_acc": 0.7725806451612903, "_timestamp": 1653402891, "_runtime": 36, "_step": 98, "_wandb": {"runtime": 36}}