#ntpc,#numruns,#runnum,#time_elapsed,#x0,001
20.0,1.0,0.0,0.004124103784561157,0.0,0.7979695431472081
