#ntpc,#numruns,#runnum,#time_elapsed,#x0
20.0,1.0,0.0,0.00139007482263777,1.0
20.0,1.0,0.0,0.000905046198103163,0.0
