#ntpc,#numruns,#runnum,#time_elapsed,#x0,018
20.0,1.0,0.0,0.00803599562909868,0.0,0.8304568527918782
