#ntpc,#numruns,#runnum,#time_elapsed,#x0,016
5.0,1.0,0.0,0.0077719421519173515,0.0,0.7654822335025381
