#ntpc,#numruns,#x0,006
20.0,10.0,1.0,0.830253807106599
20.0,10.0,0.0,0.8178680203045685
