{"run_time": 1.2853739261627197, "loss": 0.041297733783721924, "train_acc": 0.9285714285714286, "val_acc": 0.8470588235294118, "test_acc": 0.8385786802030457, "_timestamp": 1653381277, "_runtime": 136, "_step": 98, "_wandb": {"runtime": 136}}