{"run_time": 0.28792238235473633, "loss": 0.046253614127635956, "train_acc": 0.9833333333333333, "val_acc": 0.7743055555555556, "test_acc": 0.7647801504089586, "_timestamp": 1653408371, "_runtime": 47, "_step": 98, "_wandb": {"runtime": 47}}