{"run_time": 2.9400851726531982, "loss": 0.0469447560608387, "train_acc": 0.9785714285714285, "val_acc": 0.8602941176470589, "test_acc": 0.8395939086294416, "_timestamp": 1653393780, "_runtime": 343, "_step": 98, "_wandb": {"runtime": 344}}