{"run_time": 1.6465671062469482, "loss": 0.02437819540500641, "train_acc": 0.9, "val_acc": 0.8470588235294118, "test_acc": 0.8375634517766497, "_timestamp": 1653162049, "_runtime": 231, "_step": 98, "_wandb": {"runtime": 232}}