{"run_time": 0.28307390213012695, "loss": 1.0087802410125732, "train_acc": 0.7666666666666667, "val_acc": 0.7753623188405797, "test_acc": 0.7483870967741936, "_timestamp": 1653403798, "_runtime": 41, "_step": 98, "_wandb": {"runtime": 43}}