{"run_time": 1.671313762664795, "loss": 0.06671582162380219, "train_acc": 0.9071428571428571, "val_acc": 0.8522058823529411, "test_acc": 0.8406091370558376, "_timestamp": 1653382629, "_runtime": 175, "_step": 98, "_wandb": {"runtime": 176}}