{"run_time": 2.572403907775879, "loss": 0.03708643838763237, "train_acc": 0.9642857142857143, "val_acc": 0.8455882352941176, "test_acc": 0.8395939086294416, "_timestamp": 1653383479, "_runtime": 217, "_step": 98, "_wandb": {"runtime": 218}}