{"run_time": 2.087299346923828, "loss": 0.05980169400572777, "train_acc": 1.0, "val_acc": 0.8419117647058824, "test_acc": 0.8131979695431472, "_timestamp": 1653388629, "_runtime": 265, "_step": 98, "_wandb": {"runtime": 266}}