{"run_time": 1.7487249374389648, "loss": 0.08371233195066452, "train_acc": 0.9357142857142857, "val_acc": 0.8529411764705882, "test_acc": 0.8385786802030457, "_timestamp": 1653173975, "_runtime": 284, "_step": 98, "_wandb": {"runtime": 285}}