{"run_time": 1.6010398864746094, "loss": 0.05793679878115654, "train_acc": 0.9857142857142858, "val_acc": 0.8389705882352941, "test_acc": 0.8467005076142132, "_timestamp": 1653154954, "_runtime": 222, "_step": 98, "_wandb": {"runtime": 223}}