{"run_time": 0.6491179466247559, "loss": 0.05943267047405243, "train_acc": 0.9928571428571429, "val_acc": 0.85, "test_acc": 0.8253807106598985, "_timestamp": 1653139280, "_runtime": 94, "_step": 98, "_wandb": {"runtime": 95}}