{"run_time": 0.3313167095184326, "loss": 1.0915064811706543, "train_acc": 0.7083333333333334, "val_acc": 0.7420289855072464, "test_acc": 0.7451612903225806, "_timestamp": 1653405060, "_runtime": 47, "_step": 98, "_wandb": {"runtime": 48}}