{"run_time": 1.2670526504516602, "loss": 0.052601370960474014, "train_acc": 0.9285714285714286, "val_acc": 0.8411764705882353, "test_acc": 0.8355329949238579, "_timestamp": 1653142153, "_runtime": 127, "_step": 98, "_wandb": {"runtime": 128}}