{"run_time": 0.5680196285247803, "loss": 0.08043602854013443, "train_acc": 0.9571428571428572, "val_acc": 0.8647058823529412, "test_acc": 0.8527918781725888, "_timestamp": 1653148623, "_runtime": 136, "_step": 98, "_wandb": {"runtime": 137}}