{"run_time": 3.037858009338379, "loss": 0.03942851349711418, "train_acc": 0.9714285714285714, "val_acc": 0.8397058823529412, "test_acc": 0.8426395939086294, "_timestamp": 1653387685, "_runtime": 336, "_step": 98, "_wandb": {"runtime": 337}}