{"run_time": 31.363297939300537, "loss": 0.060328029096126556, "train_acc": 0.85, "val_acc": 0.7638888888888888, "test_acc": 0.7472690344184004, "_timestamp": 1653458233, "_runtime": 5858, "_step": 98, "_wandb": {"runtime": 5859}}