{"run_time": 1.583583116531372, "loss": 0.033545635640621185, "train_acc": 0.8571428571428571, "val_acc": 0.8323529411764706, "test_acc": 0.8243654822335026, "_timestamp": 1653165740, "_runtime": 242, "_step": 98, "_wandb": {"runtime": 243}}