{"run_time": 0.8298029899597168, "loss": 0.04437600076198578, "train_acc": 0.9928571428571429, "val_acc": 0.8411764705882353, "test_acc": 0.8598984771573605, "_timestamp": 1653139483, "_runtime": 86, "_step": 98, "_wandb": {"runtime": 87}}