{"run_time": 2.7556910514831543, "loss": 0.04876440018415451, "train_acc": 0.9785714285714285, "val_acc": 0.8455882352941176, "test_acc": 0.8121827411167513, "_timestamp": 1653386694, "_runtime": 245, "_step": 98, "_wandb": {"runtime": 246}}