{"run_time": 0.277846097946167, "loss": 0.0707659050822258, "train_acc": 0.9642857142857143, "val_acc": 0.8095588235294118, "test_acc": 0.8243654822335026, "_timestamp": 1653401711, "_runtime": 45, "_step": 98, "_wandb": {"runtime": 46}}