{"run_time": 0.27883028984069824, "loss": 0.03678218647837639, "train_acc": 0.9285714285714286, "val_acc": 0.8580882352941176, "test_acc": 0.8619289340101522, "_timestamp": 1653402132, "_runtime": 48, "_step": 98, "_wandb": {"runtime": 49}}