{"run_time": 1.6793951988220215, "loss": 0.05831059813499451, "train_acc": 0.9214285714285714, "val_acc": 0.8397058823529412, "test_acc": 0.8395939086294416, "_timestamp": 1653127657, "_runtime": 207, "_step": 98, "_wandb": {"runtime": 208}}