{"run_time": 1.6059455871582031, "loss": 0.08475836366415024, "train_acc": 0.9071428571428571, "val_acc": 0.8595588235294118, "test_acc": 0.8284263959390863, "_timestamp": 1653159353, "_runtime": 223, "_step": 98, "_wandb": {"runtime": 224}}