{"run_time": 1.5989751815795898, "loss": 0.027257531881332397, "train_acc": 0.9142857142857143, "val_acc": 0.8522058823529411, "test_acc": 0.8385786802030457, "_timestamp": 1653126517, "_runtime": 153, "_step": 98, "_wandb": {"runtime": 154}}