{"run_time": 1.9410991668701172, "loss": 0.04911762848496437, "train_acc": 0.9071428571428571, "val_acc": 0.8566176470588235, "test_acc": 0.8426395939086294, "_timestamp": 1653164652, "_runtime": 274, "_step": 98, "_wandb": {"runtime": 275}}