{"run_time": 0.18036389350891113, "loss": 0.8556092381477356, "train_acc": 0.925, "val_acc": 0.777536231884058, "test_acc": 0.7354838709677419, "_timestamp": 1653402493, "_runtime": 30, "_step": 98, "_wandb": {"runtime": 30}}