{"run_time": 0.5105571746826172, "loss": 0.05253104120492935, "train_acc": 0.9928571428571429, "val_acc": 0.8051470588235294, "test_acc": 0.7918781725888325, "_timestamp": 1653138139, "_runtime": 72, "_step": 98, "_wandb": {"runtime": 73}}