{"run_time": 2.462216854095459, "loss": 0.0834660530090332, "train_acc": 0.9071428571428571, "val_acc": 0.8382352941176471, "test_acc": 0.8213197969543147, "_timestamp": 1653167904, "_runtime": 268, "_step": 98, "_wandb": {"runtime": 269}}