{"run_time": 1.3690242767333984, "loss": 0.07880143076181412, "train_acc": 0.9214285714285714, "val_acc": 0.8536764705882353, "test_acc": 0.8375634517766497, "_timestamp": 1653145144, "_runtime": 150, "_step": 98, "_wandb": {"runtime": 151}}