{"run_time": 0.5953080654144287, "loss": 0.0838790088891983, "train_acc": 0.9928571428571429, "val_acc": 0.7735294117647059, "test_acc": 0.7543147208121828, "_timestamp": 1653377401, "_runtime": 18, "_step": 12, "_wandb": {"runtime": 19}}