{"run_time": 0.29155659675598145, "loss": 0.971676230430603, "train_acc": 0.85, "val_acc": 0.7572463768115942, "test_acc": 0.7483870967741936, "_timestamp": 1653403745, "_runtime": 41, "_step": 98, "_wandb": {"runtime": 42}}