{"run_time": 2.5711913108825684, "loss": 0.13197669386863708, "train_acc": 0.9, "val_acc": 0.8485294117647059, "test_acc": 0.8406091370558376, "_timestamp": 1653399109, "_runtime": 341, "_step": 98, "_wandb": {"runtime": 342}}