{"run_time": 2.935755729675293, "loss": 0.07070468366146088, "train_acc": 0.85, "val_acc": 0.8352941176470589, "test_acc": 0.7959390862944162, "_timestamp": 1653176993, "_runtime": 382, "_step": 98, "_wandb": {"runtime": 383}}