{"run_time": 11.477505683898926, "loss": 0.042601145803928375, "train_acc": 0.85, "val_acc": 0.8152777777777778, "test_acc": 0.8023274962946698, "_timestamp": 1653414914, "_runtime": 2041, "_step": 98, "_wandb": {"runtime": 2042}}