{"run_time": 2.08551287651062, "loss": 0.029301397502422333, "train_acc": 0.9357142857142857, "val_acc": 0.8382352941176471, "test_acc": 0.8456852791878172, "_timestamp": 1653134452, "_runtime": 153, "_step": 98, "_wandb": {"runtime": 153}}