{"run_time": 1.773792028427124, "loss": 0.061421412974596024, "train_acc": 0.9928571428571429, "val_acc": 0.8470588235294118, "test_acc": 0.8527918781725888, "_timestamp": 1653156737, "_runtime": 224, "_step": 98, "_wandb": {"runtime": 226}}