{"run_time": 1.8342275619506836, "loss": 0.040582142770290375, "train_acc": 0.9142857142857143, "val_acc": 0.8463235294117647, "test_acc": 0.8365482233502538, "_timestamp": 1653163361, "_runtime": 245, "_step": 98, "_wandb": {"runtime": 246}}