{"run_time": 1.6266324520111084, "loss": 0.0557006299495697, "train_acc": 0.9, "val_acc": 0.8514705882352941, "test_acc": 0.8263959390862944, "_timestamp": 1653166796, "_runtime": 241, "_step": 98, "_wandb": {"runtime": 242}}