{"run_time": 0.8554236888885498, "loss": 0.08035063743591309, "train_acc": 1.0, "val_acc": 0.8441176470588235, "test_acc": 0.8395939086294416, "_timestamp": 1653380620, "_runtime": 102, "_step": 98, "_wandb": {"runtime": 103}}