{"run_time": 0.889845609664917, "loss": 0.049324966967105865, "train_acc": 1.0, "val_acc": 0.763235294117647, "test_acc": 0.7888324873096447, "_timestamp": 1653377227, "_runtime": 23, "_step": 15}