{"run_time": 0.2526564598083496, "loss": 0.9119979739189148, "train_acc": 0.7583333333333333, "val_acc": 0.7557971014492754, "test_acc": 0.7322580645161291, "_timestamp": 1653402938, "_runtime": 36, "_step": 98, "_wandb": {"runtime": 36}}