{"run_time": 966.1593453884125, "loss": 0.15816177427768707, "train_acc": 0.8333333333333334, "val_acc": 0.7833333333333333, "test_acc": 0.781797222374705, "_timestamp": 1653922273, "_runtime": 88335, "_step": 98, "_wandb": {"runtime": 88335}}