{"run_time": 0.3437647819519043, "loss": 0.9487388730049133, "train_acc": 0.7916666666666666, "val_acc": 0.7608695652173914, "test_acc": 0.7258064516129032, "_timestamp": 1653405245, "_runtime": 50, "_step": 98, "_wandb": {"runtime": 52}}