{"run_time": 1.950967788696289, "loss": 0.2744045853614807, "train_acc": 0.9785714285714285, "val_acc": 0.8492647058823529, "test_acc": 0.8314720812182741, "forward_nfe": 21096, "_runtime": 161, "_timestamp": 1648796719, "_step": 73}