{"run_time": 0.33190178871154785, "loss": 0.06417401880025864, "train_acc": 0.9666666666666667, "val_acc": 0.8055555555555556, "test_acc": 0.8022726025141351, "_timestamp": 1653408619, "_runtime": 61, "_step": 98, "_wandb": {"runtime": 62}}