{"run_time": 0.6395504474639893, "loss": 0.0638105496764183, "train_acc": 0.9285714285714286, "val_acc": 0.8492647058823529, "test_acc": 0.8284263959390863, "_timestamp": 1653390942, "_runtime": 235, "_step": 98, "_wandb": {"runtime": 236}}