{"run_time": 1.428588628768921, "loss": 0.0735241174697876, "train_acc": 0.9928571428571429, "val_acc": 0.8536764705882353, "test_acc": 0.868020304568528, "_timestamp": 1653148474, "_runtime": 160, "_step": 98, "_wandb": {"runtime": 162}}