{"run_time": 0.28961968421936035, "loss": 0.046494320034980774, "train_acc": 0.9285714285714286, "val_acc": 0.8691176470588236, "test_acc": 0.8456852791878172, "_timestamp": 1653401536, "_runtime": 47, "_step": 98, "_wandb": {"runtime": 48}}