{"run_time": 2.237118721008301, "loss": 0.6283940076828003, "train_acc": 0.9428571428571428, "val_acc": 0.8338235294117647, "test_acc": 0.8395939086294416, "forward_nfe": 30268, "_runtime": 233, "_timestamp": 1648798546, "_step": 98}