{"run_time": 1.9912655353546143, "loss": 0.053654905408620834, "train_acc": 0.9142857142857143, "val_acc": 0.8558823529411764, "test_acc": 0.8192893401015229, "_timestamp": 1653178239, "_runtime": 298, "_step": 98, "_wandb": {"runtime": 299}}