{"run_time": 998.0655579566956, "loss": 0.3462490737438202, "train_acc": 0.7333333333333333, "val_acc": 0.7868055555555555, "test_acc": 0.7751001811494758, "_timestamp": 1654351756, "_runtime": 143948, "_step": 98, "_wandb": {"runtime": 143949}}