{"run_time": 0.1499161720275879, "loss": 0.805135190486908, "train_acc": 0.8666666666666667, "val_acc": 0.763768115942029, "test_acc": 0.7322580645161291, "_timestamp": 1653402297, "_runtime": 24, "_step": 98, "_wandb": {"runtime": 25}}