{"run_time": 1.384505033493042, "loss": 0.05098152905702591, "train_acc": 0.9571428571428572, "val_acc": 0.8647058823529412, "test_acc": 0.8406091370558376, "_timestamp": 1653142465, "_runtime": 139, "_step": 98, "_wandb": {"runtime": 141}}