{"run_time": 0.8671140670776367, "loss": 0.06428169459104538, "train_acc": 0.9714285714285714, "val_acc": 0.8558823529411764, "test_acc": 0.8507614213197969, "_timestamp": 1653140530, "_runtime": 113, "_step": 98, "_wandb": {"runtime": 114}}