{"run_time": 2.033299446105957, "loss": 0.04309824854135513, "train_acc": 0.9642857142857143, "val_acc": 0.8544117647058823, "test_acc": 0.8274111675126904, "_timestamp": 1653150019, "_runtime": 178, "_step": 98, "_wandb": {"runtime": 179}}