{"run_time": 2.297804832458496, "loss": 0.06696613132953644, "train_acc": 0.9785714285714285, "val_acc": 0.8286764705882353, "test_acc": 0.8375634517766497, "_timestamp": 1653401308, "_runtime": 354, "_step": 98, "_wandb": {"runtime": 354}}