{"run_time": 0.36234235763549805, "loss": 0.05687950551509857, "train_acc": 1.0, "val_acc": 0.8138888888888889, "test_acc": 0.8028215403194818, "_timestamp": 1653409178, "_runtime": 119, "_step": 98, "_wandb": {"runtime": 120}}