{"run_time": 1.267608642578125, "loss": 0.0693398043513298, "train_acc": 0.9642857142857143, "val_acc": 0.825735294117647, "test_acc": 0.8274111675126904, "_timestamp": 1653138975, "_runtime": 96, "_step": 98, "_wandb": {"runtime": 97}}