{"run_time": 2.325881242752075, "loss": 0.06518105417490005, "train_acc": 0.8785714285714286, "val_acc": 0.8242647058823529, "test_acc": 0.849746192893401, "_timestamp": 1653385403, "_runtime": 233, "_step": 98, "_wandb": {"runtime": 235}}