{"run_time": 1.3709113597869873, "loss": 0.04221287742257118, "train_acc": 0.8714285714285714, "val_acc": 0.8448529411764706, "test_acc": 0.8192893401015229, "_timestamp": 1653145314, "_runtime": 158, "_step": 98, "_wandb": {"runtime": 158}}