{"run_time": 392.2788965702057, "loss": 0.13476911187171936, "train_acc": 0.95, "val_acc": 0.7993055555555556, "test_acc": 0.7956853488499753, "_timestamp": 1653526755, "_runtime": 48373, "_step": 98, "_wandb": {"runtime": 48373}}