{"run_time": 2.3493247032165527, "loss": 0.09849690645933151, "train_acc": 0.9642857142857143, "val_acc": 0.8301470588235295, "test_acc": 0.8314720812182741, "_timestamp": 1653128915, "_runtime": 255, "_step": 98, "_wandb": {"runtime": 256}}