{"run_time": 1.9564218521118164, "loss": 0.03498019278049469, "train_acc": 0.9357142857142857, "val_acc": 0.8352941176470589, "test_acc": 0.8314720812182741, "_timestamp": 1653382834, "_runtime": 193, "_step": 98, "_wandb": {"runtime": 194}}