{"run_time": 0.21114873886108398, "loss": 0.8966739177703857, "train_acc": 0.8916666666666667, "val_acc": 0.7673913043478261, "test_acc": 0.7435483870967742, "_timestamp": 1653402752, "_runtime": 33, "_step": 98, "_wandb": {"runtime": 34}}