{"run_time": 2.334944486618042, "loss": 0.04304235056042671, "train_acc": 0.9214285714285714, "val_acc": 0.8470588235294118, "test_acc": 0.8142131979695432, "_timestamp": 1653385673, "_runtime": 257, "_step": 98, "_wandb": {"runtime": 258}}