{"run_time": 1.1742420196533203, "loss": 0.023986967280507088, "train_acc": 0.9, "val_acc": 0.8426470588235294, "test_acc": 0.8507614213197969, "_timestamp": 1653144982, "_runtime": 142, "_step": 98, "_wandb": {"runtime": 142}}