{"run_time": 22.185673713684082, "loss": 0.04785474017262459, "train_acc": 0.9833333333333333, "val_acc": 0.8159722222222222, "test_acc": 0.793434703848054, "_timestamp": 1653419442, "_runtime": 2467, "_step": 98, "_wandb": {"runtime": 2469}}