{"run_time": 1.8103415966033936, "loss": 0.06287121027708054, "train_acc": 0.9642857142857143, "val_acc": 0.8588235294117647, "test_acc": 0.8345177664974619, "_timestamp": 1653145663, "_runtime": 162, "_step": 98, "_wandb": {"runtime": 163}}