{"run_time": 1.8694899082183838, "loss": 0.07122069597244263, "train_acc": 0.9357142857142857, "val_acc": 0.8522058823529411, "test_acc": 0.8101522842639594, "_timestamp": 1653385920, "_runtime": 236, "_step": 98, "_wandb": {"runtime": 237}}