{"run_time": 0.35896730422973633, "loss": 1.2198537588119507, "train_acc": 0.7916666666666666, "val_acc": 0.768840579710145, "test_acc": 0.7645161290322581, "_timestamp": 1653405498, "_runtime": 52, "_step": 98, "_wandb": {"runtime": 53}}