{"run_time": 2.4580507278442383, "loss": 0.08182407170534134, "train_acc": 0.95, "val_acc": 0.8272058823529411, "test_acc": 0.8558375634517766, "_timestamp": 1653390695, "_runtime": 361, "_step": 98, "_wandb": {"runtime": 361}}