{"run_time": 1.7527129650115967, "loss": 0.08751235902309418, "train_acc": 0.9714285714285714, "val_acc": 0.8514705882352941, "test_acc": 0.8538071065989847, "_timestamp": 1653156059, "_runtime": 216, "_step": 98, "_wandb": {"runtime": 217}}