{"run_time": 0.29721760749816895, "loss": 0.038151200860738754, "train_acc": 0.9642857142857143, "val_acc": 0.8477941176470588, "test_acc": 0.8467005076142132, "_timestamp": 1653401595, "_runtime": 47, "_step": 98, "_wandb": {"runtime": 48}}