{"run_time": 0.22877860069274902, "loss": 0.038113318383693695, "train_acc": 1.0, "val_acc": 0.7875, "test_acc": 0.7675797332162266, "_timestamp": 1653408155, "_runtime": 36, "_step": 98, "_wandb": {"runtime": 37}}