{"run_time": 0.9970412254333496, "loss": 0.04013887792825699, "train_acc": 1.0, "val_acc": 0.85, "test_acc": 0.8558375634517766, "_timestamp": 1653140405, "_runtime": 96, "_step": 98, "_wandb": {"runtime": 97}}