{"run_time": 0.7847650051116943, "loss": 0.04242025688290596, "train_acc": 1.0, "val_acc": 0.8034722222222223, "test_acc": 0.7760333754185651, "_timestamp": 1653411824, "_runtime": 418, "_step": 98, "_wandb": {"runtime": 419}}