{"run_time": 0.33682870864868164, "loss": 1.0442241430282593, "train_acc": 0.7583333333333333, "val_acc": 0.7579710144927536, "test_acc": 0.7112903225806452, "_timestamp": 1653404701, "_runtime": 49, "_step": 98, "_wandb": {"runtime": 49}}