{"run_time": 0.29503679275512695, "loss": 1.0503565073013306, "train_acc": 0.875, "val_acc": 0.7702898550724637, "test_acc": 0.7419354838709677, "_timestamp": 1653404014, "_runtime": 39, "_step": 98, "_wandb": {"runtime": 40}}