{"run_time": 0.3795955181121826, "loss": 1.283047080039978, "train_acc": 0.7333333333333333, "val_acc": 0.7340579710144928, "test_acc": 0.7338709677419355, "_timestamp": 1653407559, "_runtime": 61, "_step": 98, "_wandb": {"runtime": 62}}