{"run_time": 1.558772325515747, "loss": 0.03951340168714523, "train_acc": 0.9285714285714286, "val_acc": 0.8411764705882353, "test_acc": 0.8294416243654822, "_timestamp": 1653175721, "_runtime": 275, "_step": 98, "_wandb": {"runtime": 276}}