{"run_time": 0.5002162456512451, "loss": 0.06734146177768707, "train_acc": 0.9571428571428572, "val_acc": 0.8279411764705882, "test_acc": 0.8192893401015229, "_timestamp": 1653380727, "_runtime": 96, "_step": 98, "_wandb": {"runtime": 97}}