{"run_time": 2.2912559509277344, "loss": 0.8559508323669434, "train_acc": 0.2571428571428571, "val_acc": 0.2867647058823529, "test_acc": 0.2751269035532995, "forward_nfe": 13292, "_runtime": 104, "_timestamp": 1648648072, "_step": 36}