{"run_time": 1.6338603496551514, "loss": 0.05670580640435219, "train_acc": 0.9571428571428572, "val_acc": 0.8455882352941176, "test_acc": 0.8598984771573605, "_timestamp": 1653174834, "_runtime": 284, "_step": 98, "_wandb": {"runtime": 285}}