{"run_time": 1.9438941478729248, "loss": 0.05268153175711632, "train_acc": 1.0, "val_acc": 0.8647058823529412, "test_acc": 0.8507614213197969, "_timestamp": 1653141876, "_runtime": 126, "_step": 98, "_wandb": {"runtime": 127}}