{"run_time": 0.8307528495788574, "loss": 0.03781657665967941, "train_acc": 0.9785714285714285, "val_acc": 0.8183823529411764, "test_acc": 0.8213197969543147, "_timestamp": 1653139173, "_runtime": 86, "_step": 98, "_wandb": {"runtime": 87}}