{"run_time": 0.8890693187713623, "loss": 0.03806145489215851, "train_acc": 0.9285714285714286, "val_acc": 0.8441176470588235, "test_acc": 0.8456852791878172, "_timestamp": 1653171924, "_runtime": 236, "_step": 98, "_wandb": {"runtime": 238}}