{"run_time": 1.1232287883758545, "loss": 0.03477639704942703, "train_acc": 0.9357142857142857, "val_acc": 0.85, "test_acc": 0.8456852791878172, "_timestamp": 1653145825, "_runtime": 151, "_step": 98, "_wandb": {"runtime": 152}}