{"run_time": 0.6274981498718262, "loss": 0.03526003658771515, "train_acc": 0.9428571428571428, "val_acc": 0.85, "test_acc": 0.8355329949238579, "_timestamp": 1653140923, "_runtime": 126, "_step": 98, "_wandb": {"runtime": 126}}