{"run_time": 0.35118913650512695, "loss": 0.05519053712487221, "train_acc": 0.9833333333333333, "val_acc": 0.8118055555555556, "test_acc": 0.7928857660427073, "_timestamp": 1653408687, "_runtime": 57, "_step": 84, "_wandb": {"runtime": 57}}