{"run_time": 1.7936887741088867, "loss": 0.10246790200471878, "train_acc": 0.9857142857142858, "val_acc": 0.8411764705882353, "test_acc": 0.8324873096446701, "_timestamp": 1653128648, "_runtime": 262, "_step": 98, "_wandb": {"runtime": 263}}