{"run_time": 1.6223423480987549, "loss": 0.057481106370687485, "train_acc": 0.9142857142857143, "val_acc": 0.8455882352941176, "test_acc": 0.8274111675126904, "_timestamp": 1653128374, "_runtime": 231, "_step": 98, "_wandb": {"runtime": 231}}