{"run_time": 0.27329540252685547, "loss": 0.04621260240674019, "train_acc": 0.9857142857142858, "val_acc": 0.8360294117647059, "test_acc": 0.8060913705583757, "_timestamp": 1653401424, "_runtime": 44, "_step": 98, "_wandb": {"runtime": 45}}