{"run_time": 0.14138555526733398, "loss": 0.9163106679916382, "train_acc": 0.925, "val_acc": 0.7608695652173914, "test_acc": 0.7629032258064516, "_timestamp": 1653402226, "_runtime": 25, "_step": 98, "_wandb": {"runtime": 25}}