{"run_time": 1.5524981021881104, "loss": 0.048111919313669205, "train_acc": 0.9, "val_acc": 0.836764705882353, "test_acc": 0.8365482233502538, "_timestamp": 1653157449, "_runtime": 225, "_step": 98, "_wandb": {"runtime": 226}}