{"run_time": 1.6431949138641357, "loss": 0.03690732643008232, "train_acc": 0.9571428571428572, "val_acc": 0.8213235294117647, "test_acc": 0.8233502538071066, "_timestamp": 1653152589, "_runtime": 194, "_step": 98, "_wandb": {"runtime": 195}}