{"run_time": 1.4671099185943604, "loss": 0.042130667716264725, "train_acc": 0.95, "val_acc": 0.8573529411764705, "test_acc": 0.8203045685279188, "_timestamp": 1653140785, "_runtime": 127, "_step": 98, "_wandb": {"runtime": 128}}