{"run_time": 1.146064043045044, "loss": 0.09249531477689743, "train_acc": 0.9, "val_acc": 0.8272058823529411, "test_acc": 0.8182741116751269, "_timestamp": 1653136399, "_runtime": 47, "_step": 32, "_wandb": {"runtime": 49}}