{"run_time": 1.268683910369873, "loss": 0.03259715810418129, "train_acc": 0.9571428571428572, "val_acc": 0.8433823529411765, "test_acc": 0.8284263959390863, "_timestamp": 1653135132, "_runtime": 157, "_step": 98, "_wandb": {"runtime": 158}}