{"run_time": 2.583918571472168, "loss": 0.14477919042110443, "train_acc": 0.9214285714285714, "val_acc": 0.8360294117647059, "test_acc": 0.8395939086294416, "_timestamp": 1653398756, "_runtime": 374, "_step": 98, "_wandb": {"runtime": 375}}