{"run_time": 0.25695109367370605, "loss": 1.0715091228485107, "train_acc": 0.7416666666666667, "val_acc": 0.763768115942029, "test_acc": 0.7096774193548387, "_timestamp": 1653403278, "_runtime": 38, "_step": 98, "_wandb": {"runtime": 39}}