{"run_time": 2.5687108039855957, "loss": 0.0339621864259243, "train_acc": 0.9928571428571429, "val_acc": 0.8595588235294118, "test_acc": 0.848730964467005, "_timestamp": 1653383250, "_runtime": 203, "_step": 98, "_wandb": {"runtime": 203}}