{"run_time": 1.9994478225708008, "loss": 2.768937349319458, "train_acc": 0.18571428571428572, "val_acc": 0.18823529411764706, "test_acc": 0.16040609137055836, "forward_nfe": 20228, "_runtime": 152, "_timestamp": 1648647196, "_step": 72}