{"run_time": 0.21315503120422363, "loss": 1.0280317068099976, "train_acc": 0.8833333333333333, "val_acc": 0.7702898550724637, "test_acc": 0.7387096774193549, "_timestamp": 1653402796, "_runtime": 32, "_step": 98, "_wandb": {"runtime": 33}}