{"run_time": 1.633631944656372, "loss": 0.0232131015509367, "train_acc": 0.95, "val_acc": 0.8404411764705882, "test_acc": 0.8314720812182741, "_timestamp": 1653153652, "_runtime": 196, "_step": 98, "_wandb": {"runtime": 198}}