{"run_time": 0.3009355068206787, "loss": 0.047866057604551315, "train_acc": 1.0, "val_acc": 0.7923611111111111, "test_acc": 0.8006806828786298, "_timestamp": 1653408430, "_runtime": 48, "_step": 98, "_wandb": {"runtime": 48}}