{"run_time": 2.966996669769287, "loss": 11.556153297424316, "train_acc": 0.18571428571428572, "val_acc": 0.3323529411764706, "test_acc": 0.332994923857868, "forward_nfe": 15124, "_runtime": 122, "_timestamp": 1648647530, "_step": 38}