{"run_time": 2.3360815048217773, "loss": 0.041235294193029404, "train_acc": 0.9571428571428572, "val_acc": 0.8632352941176471, "test_acc": 0.8467005076142132, "_timestamp": 1653384897, "_runtime": 241, "_step": 98, "_wandb": {"runtime": 242}}