{"run_time": 0.33507323265075684, "loss": 0.05190553143620491, "train_acc": 0.9571428571428572, "val_acc": 0.8426470588235294, "test_acc": 0.8263959390862944, "_timestamp": 1653401891, "_runtime": 51, "_step": 98, "_wandb": {"runtime": 51}}