{"run_time": 1.4630744457244873, "loss": 0.03818240389227867, "train_acc": 0.9571428571428572, "val_acc": 0.850735294117647, "test_acc": 0.8406091370558376, "_timestamp": 1653152804, "_runtime": 204, "_step": 98, "_wandb": {"runtime": 205}}