{"run_time": 1.8831007480621338, "loss": 0.05932130664587021, "train_acc": 0.9714285714285714, "val_acc": 0.8573529411764705, "test_acc": 0.8304568527918782, "_timestamp": 1653395401, "_runtime": 248, "_step": 98, "_wandb": {"runtime": 249}}