{"run_time": 1.4120457172393799, "loss": 0.029799671843647957, "train_acc": 0.9857142857142858, "val_acc": 0.8463235294117647, "test_acc": 0.8040609137055837, "_timestamp": 1653151409, "_runtime": 167, "_step": 98, "_wandb": {"runtime": 168}}