{"run_time": 0.37369227409362793, "loss": 1.141035556793213, "train_acc": 0.7833333333333333, "val_acc": 0.7369565217391304, "test_acc": 0.782258064516129, "_timestamp": 1653406704, "_runtime": 59, "_step": 98, "_wandb": {"runtime": 60}}