{"run_time": 2.2079646587371826, "loss": 0.06408056616783142, "train_acc": 0.9642857142857143, "val_acc": 0.8580882352941176, "test_acc": 0.8538071065989847, "_timestamp": 1653162343, "_runtime": 282, "_step": 98, "_wandb": {"runtime": 283}}