{"run_time": 1.0915534496307373, "loss": 0.035794589668512344, "train_acc": 0.95, "val_acc": 0.8573529411764705, "test_acc": 0.8568527918781725, "_timestamp": 1653141604, "_runtime": 123, "_step": 98, "_wandb": {"runtime": 124}}