{"run_time": 0.33823585510253906, "loss": 1.0940865278244019, "train_acc": 0.7916666666666666, "val_acc": 0.7731884057971015, "test_acc": 0.7435483870967742, "_timestamp": 1653405308, "_runtime": 51, "_step": 98, "_wandb": {"runtime": 51}}