{"run_time": 1.3720848560333252, "loss": 0.053898148238658905, "train_acc": 0.9642857142857143, "val_acc": 0.8360294117647059, "test_acc": 0.8182741116751269, "_timestamp": 1653148816, "_runtime": 180, "_step": 98, "_wandb": {"runtime": 181}}