{"run_time": 1.5221469402313232, "loss": 0.03322817012667656, "train_acc": 0.8785714285714286, "val_acc": 0.8286764705882353, "test_acc": 0.8416243654822335, "_timestamp": 1653386438, "_runtime": 255, "_step": 98, "_wandb": {"runtime": 256}}