{"run_time": 1061.6303024291992, "loss": 0.4793025851249695, "train_acc": 0.8666666666666667, "val_acc": 0.8069444444444445, "test_acc": 0.8034802656858978, "_timestamp": 1654425304, "_runtime": 35721, "_step": 21, "_wandb": {"runtime": 35722}}