{"run_time": 1.5253570079803467, "loss": 1.4843744039535522, "train_acc": 0.8714285714285714, "val_acc": 0.725735294117647, "test_acc": 0.7126903553299493, "forward_nfe": 13368, "_runtime": 110, "_timestamp": 1648798280, "_step": 64}