{"run_time": 2.612194061279297, "loss": 0.10624269396066666, "train_acc": 0.9428571428571428, "val_acc": 0.8205882352941176, "test_acc": 0.8284263959390863, "_timestamp": 1653388955, "_runtime": 314, "_step": 98, "_wandb": {"runtime": 314}}