{"run_time": 0.30071091651916504, "loss": 0.9971378445625305, "train_acc": 0.8666666666666667, "val_acc": 0.75, "test_acc": 0.7209677419354839, "_timestamp": 1653403963, "_runtime": 43, "_step": 98, "_wandb": {"runtime": 44}}