{"run_time": 2.391873359680176, "loss": 0.0821864977478981, "train_acc": 0.8928571428571429, "val_acc": 0.8514705882352941, "test_acc": 0.8548223350253807, "_timestamp": 1653168506, "_runtime": 302, "_step": 98, "_wandb": {"runtime": 303}}