{"run_time": 1.3942227363586426, "loss": 0.06049158796668053, "train_acc": 0.9642857142857143, "val_acc": 0.8294117647058824, "test_acc": 0.8517766497461929, "_timestamp": 1653142916, "_runtime": 142, "_step": 98, "_wandb": {"runtime": 142}}