{"run_time": 2.1686933040618896, "loss": 4.720871925354004, "train_acc": 0.22857142857142856, "val_acc": 0.33897058823529413, "test_acc": 0.2984771573604061, "forward_nfe": 974, "_runtime": 13, "_timestamp": 1648645494, "_step": 3}