{"run_time": 32.31743931770325, "loss": 0.04692455753684044, "train_acc": 0.95, "val_acc": 0.8, "test_acc": 0.7943130043366087, "_timestamp": 1653478359, "_runtime": 12084, "_step": 98, "_wandb": {"runtime": 12084}}