{"run_time": 3.0547170639038086, "loss": 0.051461171358823776, "train_acc": 0.9285714285714286, "val_acc": 0.8272058823529411, "test_acc": 0.8213197969543147, "_timestamp": 1653390323, "_runtime": 369, "_step": 98, "_wandb": {"runtime": 370}}