{"run_time": 0.5173735618591309, "loss": 0.07033828645944595, "train_acc": 1.0, "val_acc": 0.8154411764705882, "test_acc": 0.8142131979695432, "_timestamp": 1653138221, "_runtime": 69, "_step": 98, "_wandb": {"runtime": 70}}