{"run_time": 1.0224745273590088, "loss": 0.21089795231819153, "train_acc": 1.0, "val_acc": 0.7345588235294118, "test_acc": 0.7401015228426396, "_timestamp": 1653378785, "_runtime": 21, "_step": 8, "_wandb": {"runtime": 22}}