{"run_time": 1.6965644359588623, "loss": 0.03664503991603851, "train_acc": 0.9214285714285714, "val_acc": 0.8433823529411765, "test_acc": 0.849746192893401, "_timestamp": 1653387895, "_runtime": 197, "_step": 98, "_wandb": {"runtime": 199}}