{"run_time": 0.25064730644226074, "loss": 0.07926079630851746, "train_acc": 0.9833333333333333, "val_acc": 0.8159722222222222, "test_acc": 0.8011198331229071, "_timestamp": 1653408546, "_runtime": 46, "_step": 98, "_wandb": {"runtime": 47}}