{"run_time": 2.671506881713867, "loss": 0.032541424036026, "train_acc": 0.9142857142857143, "val_acc": 0.850735294117647, "test_acc": 0.8324873096446701, "_timestamp": 1653387017, "_runtime": 311, "_step": 98, "_wandb": {"runtime": 312}}