{"run_time": 1.802668571472168, "loss": 0.058552905917167664, "train_acc": 0.8642857142857143, "val_acc": 0.8360294117647059, "test_acc": 0.8182741116751269, "_timestamp": 1653172496, "_runtime": 272, "_step": 98, "_wandb": {"runtime": 273}}