{"run_time": 1.313030481338501, "loss": 0.021453887224197388, "train_acc": 0.9714285714285714, "val_acc": 0.850735294117647, "test_acc": 0.8233502538071066, "_timestamp": 1653141191, "_runtime": 123, "_step": 98, "_wandb": {"runtime": 123}}