{"run_time": 1.4613287448883057, "loss": 0.02665247581899166, "train_acc": 0.9714285714285714, "val_acc": 0.8360294117647059, "test_acc": 0.8304568527918782, "_timestamp": 1653143384, "_runtime": 130, "_step": 98, "_wandb": {"runtime": 131}}