{"run_time": 2.0361948013305664, "loss": 0.06005934253334999, "train_acc": 0.9, "val_acc": 0.8448529411764706, "test_acc": 0.8274111675126904, "_timestamp": 1653129752, "_runtime": 300, "_step": 98, "_wandb": {"runtime": 301}}