{"run_time": 1.2546277046203613, "loss": 0.03870894014835358, "train_acc": 0.9357142857142857, "val_acc": 0.85, "test_acc": 0.8274111675126904, "_timestamp": 1653143529, "_runtime": 133, "_step": 98, "_wandb": {"runtime": 134}}